-- phpMyAdmin SQL Dump
-- version 4.1.9
-- http://www.phpmyadmin.net
--
-- Host: localhost:3306
-- Generation Time: May 28, 2014 at 07:38 PM
-- Server version: 5.5.34
-- PHP Version: 5.5.10

SET SQL_MODE = "NO_AUTO_VALUE_ON_ZERO";
SET time_zone = "+00:00";

--
-- Database: `cineworld`
--

-- --------------------------------------------------------

--
-- Table structure for table `cinema`
--

CREATE TABLE `cinema` (
  `idcinema` int(11) NOT NULL AUTO_INCREMENT,
  `sourceURL` varchar(255) DEFAULT NULL,
  `cinemaName` varchar(255) DEFAULT NULL,
  PRIMARY KEY (`idcinema`)
) ENGINE=InnoDB  DEFAULT CHARSET=utf8 AUTO_INCREMENT=6 ;

--
-- Dumping data for table `cinema`
--

INSERT INTO `cinema` (`idcinema`, `sourceURL`, `cinemaName`) VALUES
(1, 'http://www.mall-ticket.com', 'The Mall Cineplex'),
(2, 'http://www.qlapcineplex.com', 'Qlap CinePlex'),
(3, 'http://www.timescineplex.com', 'Times CinePlex'),
(4, 'http://m.facebook.com/PSBdualplex', 'PSB DualPlex'),
(5, 'http://timescineplex.com/empire', 'Times CinePlex Empire');

-- --------------------------------------------------------

--
-- Table structure for table `movie`
--

CREATE TABLE `movie` (
  `idmovie` int(11) NOT NULL AUTO_INCREMENT,
  `movieName` varchar(255) DEFAULT NULL,
  `movieDescription` text,
  `movieDirector` text,
  `runningTime` text,
  `movieFeedbackStars` float DEFAULT NULL,
  `trailerURL` varchar(255) DEFAULT NULL,
  `language` varchar(255) DEFAULT NULL,
  `movieGenre` varchar(45) DEFAULT NULL,
  `releaseDate` date DEFAULT NULL,
  `imageURL` varchar(255) DEFAULT NULL,
  `moveActors` text,
  `movieRating` varchar(45) DEFAULT NULL,
  PRIMARY KEY (`idmovie`)
) ENGINE=InnoDB  DEFAULT CHARSET=utf8 AUTO_INCREMENT=53 ;

--
-- Dumping data for table `movie`
--

INSERT INTO `movie` (`idmovie`, `movieName`, `movieDescription`, `movieDirector`, `runningTime`, `movieFeedbackStars`, `trailerURL`, `language`, `movieGenre`, `releaseDate`, `imageURL`, `moveActors`, `movieRating`) VALUES
(30, 'The Amazing Spider-Man 4', 'Peter Parker runs the gauntlet as the mysterious company Oscorp sends up a slew of supervillains against him, impacting on his life.', 'Marc Webb', '142', 1.875, 'http://youtu.be/zHJu_nCaNAw', 'English', 'Action, Adventure, Fantasy', '2014-05-02', 'img/movies/the_amazing_spider_man_2.jpg', 'Andrew Garfield, Emma Stone, Jamie Foxx, Dane DeHaan', 'PG-13'),
(31, 'Rio 2', 'It''s a jungle out there for Blu, Jewel and their three kids after they''re hurtled Rio de Janeiro to the wilds of the Amazon. As Blu tries to fit in, he goes beak-to-beak with the vengeful ...', 'Carlos Saldanha', '199', 3.5, 'http://youtu.be/zHJu_nCaNAw', 'English, Portuguese', 'Animation, Adventure, Comedy', '2014-04-11', 'img/movies/rio_2.jpg', 'Jake T. Austin, Carlinhos Brown, Kristin Chenoweth, Jemaine Clement', 'G'),
(32, 'Filial Party', 'The movie is set in modern Singapore where reality TV game show “I Am Filial” has taken the nation by storm with its $1-million prize money pledged for the winner who portrays exceptional filial piety. The popular game show is the brainchild of producer Millionaire Liu (played by Mark Lee), who is determined to achieve the highest ratings ever in local TV history. After a few gruelling and exciting elimination rounds, the show has produced three final contestants from vastly contrasting backgrounds and each with different agendas for joining the contest. School security guard Beng (played by Christopher Lee), hotshot lawyer Shiyun (played by Ann Kok) and fresh graduate Annie will pull all stops to ensure that they will be the eventual winner.', '', '110', 0.25, 'http://youtu.be/zHJu_nCaNAw', '', 'Comedy', '2014-05-08', 'img/movies/noposter.jpg', '', 'U'),
(33, 'The Midnight After', 'N/A', 'Fruit Chan', '124', 2.95, 'http://youtu.be/zHJu_nCaNAw', 'Cantonese', 'Mystery, Thriller', '2014-04-10', 'img/movies/noposter.jpg', 'You-Nam Wong, Janice Man, Simon Yam, Kara Hui', '18'),
(34, 'Mindscape', 'A man with the ability to enter peoples'' memories takes on the case of a brilliant, troubled sixteen-year-old girl to determine whether she is a sociopath or a victim of trauma.', NULL, '92', 0, 'http://youtu.be/zHJu_nCaNAw', NULL, 'Science-Fiction', '2014-05-08', 'img/movies/noposter.jpg', NULL, NULL),
(35, 'Oculus', 'Ten years ago, tragedy struck the Russell family, leaving the lives of teenage siblings Tim and Kaylie forever changed when Tim was convicted of the brutal murder of their parents. Now in his 20s, Tim is newly released from protective custody and only wants to move on with his life; but Kaylie, still haunted by that fateful night, is convinced her parents'' deaths were caused by something else altogether: a malevolent supernatural force unleashed through the Lasser Glass, an antique mirror in their childhood home. Determined to prove Tim''s innocence, Kaylie tracks down the mirror, only to learn similar deaths have befallen previous owners over the past century. With the mysterious entity now back in their hands, Tim and Kaylie soon find their hold on reality shattered by terrifying hallucinations, and realize, too late, that their childhood nightmare is beginning again', 'Potpot Sembrano', '101', 3.3, 'http://youtu.be/zHJu_nCaNAw', '', 'Horror', '2014-04-24', 'img/movies/noposter.jpg', 'Ragna Loth''bruk', 'U'),
(36, 'Still 2 Blockbuster ', 'Also known as Tai Hong Tai Nian, this movie combines four short films into one. A guy confess to his two friends about his girlfriend who died as a result of falling from the stairs after they had a fight; a guy who becomes a monk after murdering someone; a guy who is haunted by his girlfriend; and a girl who is killed and the body is placed in a box.', 'Novo Naga', '108', 3.7, 'http://youtu.be/zHJu_nCaNAw', '', 'Horror', '2014-05-08', 'img/movies/noposter.jpg', 'Lagattha Ul''rak', '18'),
(37, 'The Other Woman', 'After discovering her boyfriend is married, Carly soon meets the wife he''s been cheating on. And when yet another affair is discovered, all three women team up to plot mutual revenge on the three-timing SOB.', 'Nick Cassavetes', '109', 6.4, 'http://youtu.be/zHJu_nCaNAw', 'English', 'Comedy, Romance', '2014-04-25', 'img/movies/the_other_woman.jpg', 'Cameron Diaz, Leslie Mann, Nikolaj Coster-Waldau, Don Johnson', 'PG-13'),
(38, 'Godzilla', 'The world''s most famous monster is pitted against malevolent creatures who, bolstered by humanity''s scientific arrogance, threaten our very existence.', 'Gareth Edwards', '123', 7.8, 'http://youtu.be/zHJu_nCaNAw', 'English', 'Action, Adventure, Sci-Fi', '2014-05-16', 'img/movies/godzilla.jpg', 'Aaron Taylor-Johnson, CJ Adams, Ken Watanabe, Bryan Cranston', 'PG-13'),
(39, 'Chef', 'A chef who loses his restaurant job starts up a food truck in an effort to reclaim his creative promise, while piecing back together his estranged family.', 'Jon Favreau', '115', 3.85, 'http://youtu.be/zHJu_nCaNAw', '', 'Comedy', '2014-05-09', 'img/movies/chef.jpg', 'Jon Favreau, John Leguizamo, Bobby Cannavale, Emjay Anthony', '18'),
(40, 'X-MEN:DAYS OF FUTURE', 'The storyline alternates between present day, in which the X-Men fight Mystique''s Brotherhood of Evil Mutants, and a future timeline caused by the X-Men''s failure to prevent the Brotherhood from assassinating Senator Robert Kelly. In this future universe, Sentinels rule the United States, and mutants live in internment camps. The present-day X-Men are forewarned of the possible future by a future version of their teammate Kitty Pryde, whose mind traveled back in time and possessed her younger self to warn the X-Men. She succeeds in her mission and returns to the future, but despite her success, the future timeline still exists as an alternative timeline rather than as the actual future.', 'Bryan Singer ', '132', 0, 'http://youtu.be/pK2zYHWDZKo', 'English', 'Action / Adventure / Fantasy', '2014-05-22', 'img/movies/noposter.jpg', 'James McAvoy, Michael Fassbender, Patrick Stewart, Ian McKellen, Hugh Jackman, Jennifer Lawrence, Nicholas Hoult, Anna Paquin, Ellen Page, Shawn Ashmore ', 'PG13'),
(41, 'Awak Nak Kahwin Dgn Saya', 'Express tells the story of a romance between Andika and Princess. Chief Editor at a magazine publishing company exclusively while Princess as PA the most loyal in Andika for three years.', '', '99', 0, '', '', 'Comedy', '2014-05-22', 'img/movies/noposter.jpg', '', ''),
(42, 'X-Men: Days of Future Past', 'The storyline alternates between present day, in which the X-Men fight Mystique''s Brotherhood of Evil Mutants, and a future timeline caused by the X-Men''s failure to prevent the Brotherhood from assassinating Senator Robert Kelly. In this future universe, Sentinels rule the United States, and mutants live in internment camps. The present-day X-Men are forewarned of the possible future by a future version of their teammate Kitty Pryde, whose mind traveled back in time and possessed her younger self to warn the X-Men. She succeeds in her mission and returns to the future, but despite her success, the future timeline still exists as an alternative timeline rather than as the actual future.', NULL, '133', 0, NULL, NULL, 'Action/Thriller', '2014-05-22', 'img/movies/noposter.jpg', NULL, NULL),
(43, 'Awak Nak Kahwin Dgn Saya?', 'Express tells the story of a romance between Andika and Princess. Chief Editor at a magazine publishing company exclusively while Princess as PA the most loyal in Andika for three years.', NULL, '99', 0, NULL, NULL, 'Comedy', '2014-05-22', 'img/movies/noposter.jpg', NULL, NULL),
(44, 'X-MEN:DAYS OF FUTURE PAST', 'The storyline alternates between present day, in which the X-Men fight Mystique''s Brotherhood of Evil Mutants, and a future timeline caused by the X-Men''s failure to prevent the Brotherhood from assassinating Senator Robert Kelly. In this future universe, Sentinels rule the United States, and mutants live in internment camps. The present-day X-Men are forewarned of the possible future by a future version of their teammate Kitty Pryde, whose mind traveled back in time and possessed her younger self to warn the X-Men. She succeeds in her mission and returns to the future, but despite her success, the future timeline still exists as an alternative timeline rather than as the actual future.', 'Bryan Singer ', '132', 0, 'http://www.youtube.com./watch?v=pK2zYHWDZKo', 'English', 'Action / Adventure / Fantasy', '2014-05-22', 'img/movies/noposter.jpg', 'James McAvoy, Michael Fassbender, Patrick Stewart, Ian McKellen, Hugh Jackman, Jennifer Lawrence, Nicholas Hoult, Anna Paquin, Ellen Page, Shawn Ashmore ', 'PG13'),
(45, 'The Amazing Spider-Man 2', 'Peter Parker runs the gauntlet as the mysterious company Oscorp sends up a slew of supervillains against him, impacting on his life.', 'Marc Webb', '142', 7.5, 'trailer here', 'English', 'Action, Adventure, Fantasy', '2014-05-02', 'img/movies/the_amazing_spider_man_2.jpg', 'Andrew Garfield, Emma Stone, Jamie Foxx, Dane DeHaan', 'PG-13'),
(46, 'Edge of Tomorrow', 'A soldier fighting in a war with aliens finds himself caught in a time loop of his last day in the battle, though he becomes better skilled along the way.', 'Doug Liman', '113', 0, 'trailer here', 'English', 'Action, Sci-Fi', '2014-06-06', 'img/movies/edge_of_tomorrow.jpg', 'Tom Cruise, Emily Blunt, Noah Taylor, Lara Pulver', 'PG-13'),
(47, 'X-MEN', NULL, NULL, '2hr 12min', 0, NULL, NULL, NULL, NULL, 'img/movies/noposter.jpg', NULL, 'PG13'),
(48, 'The Amazing Spiderman 2', NULL, NULL, '2hr 20min', 0, NULL, NULL, NULL, NULL, 'img/movies/noposter.jpg', NULL, 'PG13'),
(49, 'Abang Long Fadil', 'Zizan Razak plays Abang Long Fadil, a man who constantly dreams that his life is that of a gangster. But when his best friend, Malik goes to prison, then more chaos ensues and daydreaming may not be too far off from reality. This movie is directed by Shafiq Yusof, the brother of Syamsul Yusof, the director of "KL Gangster".', NULL, '103', 0, NULL, NULL, 'Action/Thriller', '2014-05-29', 'img/movies/noposter.jpg', NULL, NULL),
(50, 'X-MEN : DAYS OF FUTURE PAST ', NULL, NULL, '130', 0, NULL, NULL, NULL, NULL, 'img/movies/noposter.jpg', NULL, NULL),
(51, 'Amazing Spider-man 2', 'In "The Amazing Spider-Man 2", for Peter Parker (Andrew Garfield), life is busy - between taking out the bad guys as Spider-Man and spending time with the person he loves, Gwen (Emma Stone), high school graduation can''t come quickly enough. Peter hasn''t forgotten about the promise he made to Gwen''s father to protect her by staying away - but that''s a promise he just can''t keep. Things will change for Peter when a new villain, Electro (Jamie Foxx), emerges, an old friend, Harry Osborn (Dane DeHaan), returns, and Peter uncovers new clues about his past', NULL, '140', 0, NULL, NULL, 'Action/Thriller', '2014-04-30', 'img/movies/noposter.jpg', NULL, NULL),
(52, 'MALEFICENT', 'Told from the perspective of the princess'' evil nemesis, Maleficent, this fairytale thriller explores the origins of the evil fairy Maleficent and what led her to curse Princess Aurora in Disney''s animated classic "Sleeping Beauty". Maleficent is desperately searching for acceptance and desires to be the mistress of all fairies. However, will darkness prevail as she chooses her path to superiority?', 'Robert Stromberg ', '98', 0, 'http://www.youtube.com./watch?v=w-XO4XiRop0', 'English', 'FANTASY', '2014-05-29', 'img/movies/noposter.jpg', 'Angelina Jolie, Elle Fanning, Sharlto Copley, Juno Temple, Sam Riley ', 'PG13');

-- --------------------------------------------------------

--
-- Table structure for table `scrappingLog`
--

CREATE TABLE `scrappingLog` (
  `idscrappingLog` int(11) NOT NULL AUTO_INCREMENT,
  `logType` varchar(45) DEFAULT NULL,
  `logDescription` varchar(255) DEFAULT NULL,
  `timestamp` datetime DEFAULT NULL,
  PRIMARY KEY (`idscrappingLog`)
) ENGINE=InnoDB DEFAULT CHARSET=utf16 AUTO_INCREMENT=1 ;

-- --------------------------------------------------------

--
-- Table structure for table `showtime`
--

CREATE TABLE `showtime` (
  `idshowtime` int(11) NOT NULL AUTO_INCREMENT,
  `cinema_idcinema` int(11) NOT NULL,
  `movie_idmovie` int(11) NOT NULL,
  `schedule` datetime NOT NULL,
  `screen` varchar(3) NOT NULL,
  PRIMARY KEY (`idshowtime`)
) ENGINE=InnoDB  DEFAULT CHARSET=utf8 AUTO_INCREMENT=1439 ;

--
-- Dumping data for table `showtime`
--

INSERT INTO `showtime` (`idshowtime`, `cinema_idcinema`, `movie_idmovie`, `schedule`, `screen`) VALUES
(1, 2, 30, '2014-05-11 11:30:00', '2D'),
(2, 2, 30, '2014-05-11 14:00:00', '2D'),
(3, 2, 30, '2014-05-11 15:00:00', '2D'),
(4, 2, 30, '2014-05-11 16:30:00', '2D'),
(5, 2, 30, '2014-05-11 17:30:00', '2D'),
(6, 2, 30, '2014-05-11 19:00:00', '2D'),
(7, 2, 30, '2014-05-11 20:00:00', '2D'),
(8, 2, 30, '2014-05-11 21:30:00', '2D'),
(9, 2, 30, '2014-05-11 22:30:00', '2D'),
(10, 2, 30, '2014-05-12 11:30:00', '2D'),
(11, 2, 30, '2014-05-12 14:00:00', '2D'),
(12, 2, 30, '2014-05-12 15:00:00', '2D'),
(13, 2, 30, '2014-05-12 16:30:00', '2D'),
(14, 2, 30, '2014-05-12 17:30:00', '2D'),
(15, 2, 30, '2014-05-12 19:00:00', '2D'),
(16, 2, 30, '2014-05-12 20:00:00', '2D'),
(17, 2, 30, '2014-05-12 21:30:00', '2D'),
(18, 2, 30, '2014-05-12 22:30:00', '2D'),
(19, 2, 30, '2014-05-13 11:30:00', '2D'),
(20, 2, 30, '2014-05-13 14:00:00', '2D'),
(21, 2, 30, '2014-05-13 15:00:00', '2D'),
(22, 2, 30, '2014-05-13 16:30:00', '2D'),
(23, 2, 30, '2014-05-13 17:30:00', '2D'),
(24, 2, 30, '2014-05-13 19:00:00', '2D'),
(25, 2, 30, '2014-05-13 20:00:00', '2D'),
(26, 2, 30, '2014-05-13 21:30:00', '2D'),
(27, 2, 30, '2014-05-13 22:30:00', '2D'),
(28, 2, 30, '2014-05-14 11:30:00', '2D'),
(29, 2, 30, '2014-05-14 14:00:00', '2D'),
(30, 2, 30, '2014-05-14 15:00:00', '2D'),
(31, 2, 30, '2014-05-14 16:30:00', '2D'),
(32, 2, 30, '2014-05-14 17:30:00', '2D'),
(33, 2, 30, '2014-05-14 19:00:00', '2D'),
(34, 2, 30, '2014-05-14 20:00:00', '2D'),
(35, 2, 30, '2014-05-14 21:30:00', '2D'),
(36, 2, 30, '2014-05-14 22:30:00', '2D'),
(37, 2, 31, '2014-05-11 11:20:00', '2D'),
(38, 2, 31, '2014-05-11 13:10:00', '2D'),
(39, 2, 31, '2014-05-12 11:20:00', '2D'),
(40, 2, 31, '2014-05-12 13:10:00', '2D'),
(41, 2, 31, '2014-05-13 11:20:00', '2D'),
(42, 2, 31, '2014-05-13 13:10:00', '2D'),
(43, 2, 31, '2014-05-14 11:20:00', '2D'),
(44, 2, 31, '2014-05-14 13:10:00', '2D'),
(45, 1, 30, '2014-05-12 12:30:00', '2D'),
(46, 1, 30, '2014-05-12 13:20:00', '2D'),
(47, 1, 30, '2014-05-12 13:55:00', '2D'),
(48, 1, 30, '2014-05-12 15:15:00', '2D'),
(49, 1, 30, '2014-05-12 16:05:00', '2D'),
(50, 1, 30, '2014-05-12 16:40:00', '2D'),
(51, 1, 30, '2014-05-12 18:00:00', '2D'),
(52, 1, 30, '2014-05-12 18:50:00', '2D'),
(53, 1, 30, '2014-05-12 19:25:00', '2D'),
(54, 1, 30, '2014-05-12 20:45:00', '2D'),
(55, 1, 30, '2014-05-12 21:35:00', '2D'),
(56, 1, 30, '2014-05-12 22:10:00', '2D'),
(57, 1, 30, '2014-05-13 10:40:00', '2D'),
(58, 1, 30, '2014-05-13 11:10:00', '2D'),
(59, 1, 30, '2014-05-13 12:30:00', '2D'),
(60, 1, 30, '2014-05-13 13:20:00', '2D'),
(61, 1, 30, '2014-05-13 13:55:00', '2D'),
(62, 1, 30, '2014-05-13 15:15:00', '2D'),
(63, 1, 30, '2014-05-13 16:05:00', '2D'),
(64, 1, 30, '2014-05-13 16:40:00', '2D'),
(65, 1, 30, '2014-05-13 18:00:00', '2D'),
(66, 1, 30, '2014-05-13 18:50:00', '2D'),
(67, 1, 30, '2014-05-13 19:25:00', '2D'),
(68, 1, 30, '2014-05-13 20:45:00', '2D'),
(69, 1, 30, '2014-05-13 21:35:00', '2D'),
(70, 1, 30, '2014-05-13 22:10:00', '2D'),
(71, 1, 30, '2014-05-14 10:40:00', '2D'),
(72, 1, 30, '2014-05-14 11:10:00', '2D'),
(73, 1, 30, '2014-05-14 12:30:00', '2D'),
(74, 1, 30, '2014-05-14 13:20:00', '2D'),
(75, 1, 30, '2014-05-14 13:55:00', '2D'),
(76, 1, 30, '2014-05-14 15:15:00', '2D'),
(77, 1, 30, '2014-05-14 16:05:00', '2D'),
(78, 1, 30, '2014-05-14 16:40:00', '2D'),
(79, 1, 30, '2014-05-14 18:00:00', '2D'),
(80, 1, 30, '2014-05-14 18:50:00', '2D'),
(81, 1, 30, '2014-05-14 19:25:00', '2D'),
(82, 1, 30, '2014-05-14 20:45:00', '2D'),
(83, 1, 30, '2014-05-14 21:35:00', '2D'),
(84, 1, 30, '2014-05-14 22:10:00', '2D'),
(85, 1, 32, '2014-05-12 15:15:00', '2D'),
(86, 1, 32, '2014-05-12 17:20:00', '2D'),
(87, 1, 32, '2014-05-12 19:20:00', '2D'),
(88, 1, 32, '2014-05-12 21:35:00', '2D'),
(89, 1, 32, '2014-05-13 15:15:00', '2D'),
(90, 1, 32, '2014-05-13 17:20:00', '2D'),
(91, 1, 32, '2014-05-13 19:20:00', '2D'),
(92, 1, 32, '2014-05-13 21:35:00', '2D'),
(93, 1, 32, '2014-05-14 15:15:00', '2D'),
(94, 1, 32, '2014-05-14 17:20:00', '2D'),
(95, 1, 32, '2014-05-14 19:20:00', '2D'),
(96, 1, 32, '2014-05-14 21:35:00', '2D'),
(97, 1, 33, '2014-05-12 15:35:00', '2D'),
(98, 1, 33, '2014-05-13 15:35:00', '2D'),
(99, 1, 33, '2014-05-14 15:35:00', '2D'),
(100, 1, 34, '2014-05-12 13:35:00', '2D'),
(101, 1, 34, '2014-05-12 15:30:00', '2D'),
(102, 1, 34, '2014-05-12 17:25:00', '2D'),
(103, 1, 34, '2014-05-12 19:35:00', '2D'),
(104, 1, 34, '2014-05-12 21:30:00', '2D'),
(105, 1, 34, '2014-05-13 11:25:00', '2D'),
(106, 1, 34, '2014-05-13 13:35:00', '2D'),
(107, 1, 34, '2014-05-13 15:30:00', '2D'),
(108, 1, 34, '2014-05-13 17:25:00', '2D'),
(109, 1, 34, '2014-05-13 19:35:00', '2D'),
(110, 1, 34, '2014-05-13 21:30:00', '2D'),
(111, 1, 34, '2014-05-14 11:40:00', '2D'),
(112, 1, 34, '2014-05-14 13:35:00', '2D'),
(113, 1, 34, '2014-05-14 15:30:00', '2D'),
(114, 1, 34, '2014-05-14 17:25:00', '2D'),
(115, 1, 34, '2014-05-14 19:35:00', '2D'),
(116, 1, 34, '2014-05-14 21:30:00', '2D'),
(117, 1, 35, '2014-05-12 13:35:00', '2D'),
(118, 1, 35, '2014-05-12 19:45:00', '2D'),
(119, 1, 35, '2014-05-12 21:45:00', '2D'),
(120, 1, 35, '2014-05-13 11:00:00', '2D'),
(121, 1, 35, '2014-05-13 13:35:00', '2D'),
(122, 1, 35, '2014-05-13 19:45:00', '2D'),
(123, 1, 35, '2014-05-13 21:45:00', '2D'),
(124, 1, 35, '2014-05-14 11:00:00', '2D'),
(125, 1, 35, '2014-05-14 13:35:00', '2D'),
(126, 1, 35, '2014-05-14 19:45:00', '2D'),
(127, 1, 35, '2014-05-14 21:45:00', '2D'),
(128, 1, 31, '2014-05-12 13:20:00', '2D'),
(129, 1, 31, '2014-05-12 17:50:00', '2D'),
(130, 1, 31, '2014-05-13 13:20:00', '2D'),
(131, 1, 31, '2014-05-13 17:50:00', '2D'),
(132, 1, 31, '2014-05-14 11:25:00', '2D'),
(133, 1, 31, '2014-05-14 13:20:00', '2D'),
(134, 1, 31, '2014-05-14 17:50:00', '2D'),
(135, 1, 36, '2014-05-12 13:00:00', '2D'),
(136, 1, 36, '2014-05-12 15:10:00', '2D'),
(137, 1, 36, '2014-05-12 17:25:00', '2D'),
(138, 1, 36, '2014-05-12 19:20:00', '2D'),
(139, 1, 36, '2014-05-12 21:30:00', '2D'),
(140, 1, 36, '2014-05-13 11:25:00', '2D'),
(141, 1, 36, '2014-05-13 13:00:00', '2D'),
(142, 1, 36, '2014-05-13 15:10:00', '2D'),
(143, 1, 36, '2014-05-13 17:25:00', '2D'),
(144, 1, 36, '2014-05-13 19:20:00', '2D'),
(145, 1, 36, '2014-05-13 21:30:00', '2D'),
(146, 1, 36, '2014-05-14 11:25:00', '2D'),
(147, 1, 36, '2014-05-14 13:00:00', '2D'),
(148, 1, 36, '2014-05-14 15:10:00', '2D'),
(149, 1, 36, '2014-05-14 17:25:00', '2D'),
(150, 1, 36, '2014-05-14 19:20:00', '2D'),
(151, 1, 36, '2014-05-14 21:30:00', '2D'),
(152, 1, 37, '2014-05-12 12:55:00', '2D'),
(153, 1, 37, '2014-05-12 15:00:00', '2D'),
(154, 1, 37, '2014-05-12 17:10:00', '2D'),
(155, 1, 37, '2014-05-12 19:30:00', '2D'),
(156, 1, 37, '2014-05-12 21:35:00', '2D'),
(157, 1, 37, '2014-05-13 10:50:00', '2D'),
(158, 1, 37, '2014-05-13 12:55:00', '2D'),
(159, 1, 37, '2014-05-13 15:00:00', '2D'),
(160, 1, 37, '2014-05-13 17:10:00', '2D'),
(161, 1, 37, '2014-05-13 19:30:00', '2D'),
(162, 1, 37, '2014-05-13 21:35:00', '2D'),
(163, 1, 37, '2014-05-14 10:50:00', '2D'),
(164, 1, 37, '2014-05-14 12:55:00', '2D'),
(165, 1, 37, '2014-05-14 15:00:00', '2D'),
(166, 1, 37, '2014-05-14 17:10:00', '2D'),
(167, 1, 37, '2014-05-14 19:30:00', '2D'),
(168, 1, 37, '2014-05-14 21:35:00', '2D'),
(169, 1, 30, '2014-05-15 11:20:00', '2D'),
(170, 1, 30, '2014-05-15 13:40:00', '2D'),
(171, 1, 30, '2014-05-15 16:20:00', '2D'),
(172, 1, 30, '2014-05-15 19:00:00', '2D'),
(173, 1, 30, '2014-05-15 20:20:00', '2D'),
(174, 1, 30, '2014-05-15 21:40:00', '2D'),
(175, 1, 30, '2014-05-15 23:00:00', '2D'),
(176, 1, 30, '2014-05-16 15:00:00', '2D'),
(177, 1, 30, '2014-05-16 17:40:00', '2D'),
(178, 1, 30, '2014-05-16 19:40:00', '2D'),
(179, 1, 30, '2014-05-16 20:20:00', '2D'),
(180, 1, 30, '2014-05-16 22:20:00', '2D'),
(181, 1, 30, '2014-05-16 23:00:00', '2D'),
(182, 1, 30, '2014-05-17 11:20:00', '2D'),
(183, 1, 30, '2014-05-17 13:40:00', '2D'),
(184, 1, 30, '2014-05-17 16:20:00', '2D'),
(185, 1, 30, '2014-05-17 19:00:00', '2D'),
(186, 1, 30, '2014-05-17 20:20:00', '2D'),
(187, 1, 30, '2014-05-17 21:40:00', '2D'),
(188, 1, 30, '2014-05-17 23:00:00', '2D'),
(189, 2, 38, '2014-05-19 10:00:00', '2D'),
(190, 2, 38, '2014-05-19 12:20:00', '2D'),
(191, 2, 38, '2014-05-19 13:10:00', '2D'),
(192, 2, 38, '2014-05-19 14:30:00', '2D'),
(193, 2, 38, '2014-05-19 15:20:00', '2D'),
(194, 2, 38, '2014-05-19 16:45:00', '2D'),
(195, 2, 38, '2014-05-19 19:00:00', '2D'),
(196, 2, 38, '2014-05-19 20:00:00', '2D'),
(197, 2, 38, '2014-05-19 21:10:00', '2D'),
(198, 2, 38, '2014-05-19 22:10:00', '2D'),
(199, 2, 38, '2014-05-20 10:00:00', '2D'),
(200, 2, 38, '2014-05-20 12:20:00', '2D'),
(201, 2, 38, '2014-05-20 13:10:00', '2D'),
(202, 2, 38, '2014-05-20 14:30:00', '2D'),
(203, 2, 38, '2014-05-20 15:20:00', '2D'),
(204, 2, 38, '2014-05-20 16:45:00', '2D'),
(205, 2, 38, '2014-05-20 19:00:00', '2D'),
(206, 2, 38, '2014-05-20 20:00:00', '2D'),
(207, 2, 38, '2014-05-20 21:10:00', '2D'),
(208, 2, 38, '2014-05-20 22:10:00', '2D'),
(209, 2, 38, '2014-05-21 10:00:00', '2D'),
(210, 2, 38, '2014-05-21 12:20:00', '2D'),
(211, 2, 38, '2014-05-21 13:10:00', '2D'),
(212, 2, 38, '2014-05-21 14:30:00', '2D'),
(213, 2, 38, '2014-05-21 15:20:00', '2D'),
(214, 2, 38, '2014-05-21 16:45:00', '2D'),
(215, 2, 38, '2014-05-21 19:00:00', '2D'),
(216, 2, 38, '2014-05-21 20:00:00', '2D'),
(217, 2, 38, '2014-05-21 21:10:00', '2D'),
(218, 2, 38, '2014-05-21 22:10:00', '2D'),
(219, 2, 30, '2014-05-19 10:40:00', '2D'),
(220, 2, 30, '2014-05-19 17:30:00', '2D'),
(221, 2, 30, '2014-05-20 10:40:00', '2D'),
(222, 2, 30, '2014-05-20 17:30:00', '2D'),
(223, 2, 30, '2014-05-21 10:40:00', '2D'),
(224, 2, 30, '2014-05-21 17:30:00', '2D'),
(225, 1, 38, '2014-05-19 16:40:00', '3D'),
(226, 1, 38, '2014-05-20 16:40:00', '3D'),
(227, 1, 38, '2014-05-19 11:20:00', '2D'),
(228, 1, 38, '2014-05-19 11:50:00', '2D'),
(229, 1, 38, '2014-05-19 12:20:00', '2D'),
(230, 1, 38, '2014-05-19 13:15:00', '2D'),
(231, 1, 38, '2014-05-19 13:45:00', '2D'),
(232, 1, 38, '2014-05-19 14:15:00', '2D'),
(233, 1, 38, '2014-05-19 14:45:00', '2D'),
(234, 1, 38, '2014-05-19 15:40:00', '2D'),
(235, 1, 38, '2014-05-19 16:10:00', '2D'),
(236, 1, 38, '2014-05-19 17:10:00', '2D'),
(237, 1, 38, '2014-05-19 18:05:00', '2D'),
(238, 1, 38, '2014-05-19 18:35:00', '2D'),
(239, 1, 38, '2014-05-19 19:05:00', '2D'),
(240, 1, 38, '2014-05-19 19:35:00', '2D'),
(241, 1, 38, '2014-05-19 20:30:00', '2D'),
(242, 1, 38, '2014-05-19 21:00:00', '2D'),
(243, 1, 38, '2014-05-19 21:30:00', '2D'),
(244, 1, 38, '2014-05-19 22:00:00', '2D'),
(245, 1, 38, '2014-05-20 10:50:00', '2D'),
(246, 1, 38, '2014-05-20 11:20:00', '2D'),
(247, 1, 38, '2014-05-20 11:50:00', '2D'),
(248, 1, 38, '2014-05-20 12:20:00', '2D'),
(249, 1, 38, '2014-05-20 13:15:00', '2D'),
(250, 1, 38, '2014-05-20 13:45:00', '2D'),
(251, 1, 38, '2014-05-20 14:15:00', '2D'),
(252, 1, 38, '2014-05-20 14:45:00', '2D'),
(253, 1, 38, '2014-05-20 15:40:00', '2D'),
(254, 1, 38, '2014-05-20 16:10:00', '2D'),
(255, 1, 38, '2014-05-20 17:10:00', '2D'),
(256, 1, 38, '2014-05-20 18:05:00', '2D'),
(257, 1, 38, '2014-05-20 18:35:00', '2D'),
(258, 1, 38, '2014-05-20 19:05:00', '2D'),
(259, 1, 38, '2014-05-20 19:35:00', '2D'),
(260, 1, 38, '2014-05-20 20:30:00', '2D'),
(261, 1, 38, '2014-05-20 21:00:00', '2D'),
(262, 1, 38, '2014-05-20 21:30:00', '2D'),
(263, 1, 38, '2014-05-20 22:00:00', '2D'),
(264, 1, 30, '2014-05-19 11:00:00', '2D'),
(265, 1, 30, '2014-05-19 13:40:00', '2D'),
(266, 1, 30, '2014-05-19 16:20:00', '2D'),
(267, 1, 30, '2014-05-19 19:00:00', '2D'),
(268, 1, 30, '2014-05-19 21:40:00', '2D'),
(269, 1, 30, '2014-05-20 11:00:00', '2D'),
(270, 1, 30, '2014-05-20 13:40:00', '2D'),
(271, 1, 30, '2014-05-20 16:20:00', '2D'),
(272, 1, 30, '2014-05-20 19:00:00', '2D'),
(273, 1, 30, '2014-05-20 21:40:00', '2D'),
(274, 1, 39, '2014-05-19 11:00:00', '2D'),
(275, 1, 39, '2014-05-19 13:10:00', '2D'),
(276, 1, 39, '2014-05-19 15:20:00', '2D'),
(277, 1, 39, '2014-05-19 17:30:00', '2D'),
(278, 1, 39, '2014-05-19 19:40:00', '2D'),
(279, 1, 39, '2014-05-19 21:50:00', '2D'),
(280, 1, 39, '2014-05-20 13:10:00', '2D'),
(281, 1, 39, '2014-05-20 15:20:00', '2D'),
(282, 1, 39, '2014-05-20 17:30:00', '2D'),
(283, 1, 39, '2014-05-20 19:40:00', '2D'),
(284, 1, 39, '2014-05-20 21:50:00', '2D'),
(285, 1, 32, '2014-05-19 11:05:00', '2D'),
(286, 1, 32, '2014-05-19 17:20:00', '2D'),
(287, 1, 32, '2014-05-19 19:30:00', '2D'),
(288, 1, 32, '2014-05-20 11:05:00', '2D'),
(289, 1, 32, '2014-05-20 17:20:00', '2D'),
(290, 1, 32, '2014-05-20 19:30:00', '2D'),
(291, 1, 34, '2014-05-19 17:40:00', '2D'),
(292, 1, 34, '2014-05-20 13:15:00', '2D'),
(293, 1, 34, '2014-05-20 17:40:00', '2D'),
(294, 1, 36, '2014-05-19 21:40:00', '2D'),
(295, 1, 36, '2014-05-20 15:10:00', '2D'),
(296, 1, 36, '2014-05-20 21:40:00', '2D'),
(297, 1, 37, '2014-05-19 11:25:00', '2D'),
(298, 1, 37, '2014-05-19 13:30:00', '2D'),
(299, 1, 37, '2014-05-19 15:35:00', '2D'),
(300, 1, 37, '2014-05-19 19:35:00', '2D'),
(301, 1, 37, '2014-05-19 21:40:00', '2D'),
(302, 1, 37, '2014-05-20 11:25:00', '2D'),
(303, 1, 37, '2014-05-20 13:30:00', '2D'),
(304, 1, 37, '2014-05-20 15:35:00', '2D'),
(305, 1, 37, '2014-05-20 19:35:00', '2D'),
(306, 1, 37, '2014-05-20 21:40:00', '2D'),
(307, 1, 30, '2014-05-21 11:00:00', '2D'),
(308, 1, 30, '2014-05-21 12:20:00', '2D'),
(309, 1, 30, '2014-05-21 13:40:00', '2D'),
(310, 1, 30, '2014-05-21 15:00:00', '2D'),
(311, 1, 30, '2014-05-21 16:20:00', '2D'),
(312, 1, 30, '2014-05-21 16:45:00', '2D'),
(313, 1, 30, '2014-05-21 17:40:00', '2D'),
(314, 1, 30, '2014-05-21 20:20:00', '2D'),
(315, 1, 39, '2014-05-21 11:05:00', '2D'),
(316, 1, 39, '2014-05-21 13:10:00', '2D'),
(317, 1, 39, '2014-05-21 15:20:00', '2D'),
(318, 1, 39, '2014-05-21 17:30:00', '2D'),
(319, 1, 39, '2014-05-21 19:30:00', '2D'),
(320, 1, 39, '2014-05-21 21:40:00', '2D'),
(321, 1, 32, '2014-05-21 11:05:00', '2D'),
(322, 1, 32, '2014-05-21 17:20:00', '2D'),
(323, 1, 38, '2014-05-21 11:00:00', '2D'),
(324, 1, 38, '2014-05-21 11:55:00', '2D'),
(325, 1, 38, '2014-05-21 12:20:00', '2D'),
(326, 1, 38, '2014-05-21 13:25:00', '2D'),
(327, 1, 38, '2014-05-21 14:20:00', '2D'),
(328, 1, 38, '2014-05-21 14:45:00', '2D'),
(329, 1, 38, '2014-05-21 15:50:00', '2D'),
(330, 1, 38, '2014-05-21 16:45:00', '2D'),
(331, 1, 38, '2014-05-21 17:10:00', '2D'),
(332, 1, 38, '2014-05-21 19:00:00', '2D'),
(333, 1, 38, '2014-05-21 19:35:00', '2D'),
(334, 1, 38, '2014-05-21 21:25:00', '2D'),
(335, 1, 38, '2014-05-21 22:00:00', '2D'),
(336, 1, 36, '2014-05-21 15:10:00', '2D'),
(337, 1, 37, '2014-05-21 12:35:00', '2D'),
(338, 1, 37, '2014-05-21 14:40:00', '2D'),
(339, 1, 37, '2014-05-21 19:40:00', '2D'),
(340, 1, 37, '2014-05-21 21:45:00', '2D'),
(341, 2, 40, '2014-05-23 14:30:00', '2D'),
(342, 2, 40, '2014-05-23 15:30:00', '2D'),
(343, 2, 40, '2014-05-23 17:50:00', '2D'),
(344, 2, 40, '2014-05-23 20:10:00', '2D'),
(345, 2, 40, '2014-05-23 21:10:00', '2D'),
(346, 2, 40, '2014-05-23 23:30:00', '2D'),
(347, 2, 40, '2014-05-24 11:00:00', '2D'),
(348, 2, 40, '2014-05-24 14:30:00', '2D'),
(349, 2, 40, '2014-05-24 15:30:00', '2D'),
(350, 2, 40, '2014-05-24 17:50:00', '2D'),
(351, 2, 40, '2014-05-24 20:10:00', '2D'),
(352, 2, 40, '2014-05-24 21:10:00', '2D'),
(353, 2, 40, '2014-05-24 23:30:00', '2D'),
(354, 2, 40, '2014-05-25 11:00:00', '2D'),
(355, 2, 40, '2014-05-25 14:30:00', '2D'),
(356, 2, 40, '2014-05-25 15:30:00', '2D'),
(357, 2, 40, '2014-05-25 17:50:00', '2D'),
(358, 2, 40, '2014-05-25 20:10:00', '2D'),
(359, 2, 40, '2014-05-25 21:10:00', '2D'),
(360, 2, 40, '2014-05-26 11:00:00', '2D'),
(361, 2, 40, '2014-05-26 14:30:00', '2D'),
(362, 2, 40, '2014-05-26 15:30:00', '2D'),
(363, 2, 40, '2014-05-26 17:50:00', '2D'),
(364, 2, 40, '2014-05-26 20:10:00', '2D'),
(365, 2, 40, '2014-05-26 21:10:00', '2D'),
(366, 2, 40, '2014-05-27 11:00:00', '2D'),
(367, 2, 40, '2014-05-27 14:30:00', '2D'),
(368, 2, 40, '2014-05-27 15:30:00', '2D'),
(369, 2, 40, '2014-05-27 17:50:00', '2D'),
(370, 2, 40, '2014-05-27 20:10:00', '2D'),
(371, 2, 40, '2014-05-27 21:10:00', '2D'),
(372, 2, 40, '2014-05-28 11:00:00', '2D'),
(373, 2, 40, '2014-05-28 14:30:00', '2D'),
(374, 2, 40, '2014-05-28 15:30:00', '2D'),
(375, 2, 40, '2014-05-28 17:50:00', '2D'),
(376, 2, 40, '2014-05-28 20:10:00', '2D'),
(377, 2, 40, '2014-05-28 21:10:00', '2D'),
(378, 2, 38, '2014-05-23 16:50:00', '2D'),
(379, 2, 38, '2014-05-23 19:00:00', '2D'),
(380, 2, 38, '2014-05-23 22:30:00', '2D'),
(381, 2, 38, '2014-05-24 12:20:00', '2D'),
(382, 2, 38, '2014-05-24 13:20:00', '2D'),
(383, 2, 38, '2014-05-24 16:50:00', '2D'),
(384, 2, 38, '2014-05-24 19:00:00', '2D'),
(385, 2, 38, '2014-05-24 22:30:00', '2D'),
(386, 2, 38, '2014-05-25 12:20:00', '2D'),
(387, 2, 38, '2014-05-25 13:20:00', '2D'),
(388, 2, 38, '2014-05-25 16:50:00', '2D'),
(389, 2, 38, '2014-05-25 19:00:00', '2D'),
(390, 2, 38, '2014-05-25 22:30:00', '2D'),
(391, 2, 38, '2014-05-26 12:20:00', '2D'),
(392, 2, 38, '2014-05-26 13:20:00', '2D'),
(393, 2, 38, '2014-05-26 16:50:00', '2D'),
(394, 2, 38, '2014-05-26 19:00:00', '2D'),
(395, 2, 38, '2014-05-26 22:30:00', '2D'),
(396, 2, 38, '2014-05-27 12:20:00', '2D'),
(397, 2, 38, '2014-05-27 13:20:00', '2D'),
(398, 2, 38, '2014-05-27 16:50:00', '2D'),
(399, 2, 38, '2014-05-27 19:00:00', '2D'),
(400, 2, 38, '2014-05-27 22:30:00', '2D'),
(401, 2, 38, '2014-05-28 12:20:00', '2D'),
(402, 2, 38, '2014-05-28 13:20:00', '2D'),
(403, 2, 38, '2014-05-28 16:50:00', '2D'),
(404, 2, 38, '2014-05-28 19:00:00', '2D'),
(405, 2, 38, '2014-05-28 22:30:00', '2D'),
(406, 2, 30, '2014-05-24 10:00:00', '2D'),
(407, 2, 30, '2014-05-25 10:00:00', '2D'),
(408, 2, 30, '2014-05-26 10:00:00', '2D'),
(409, 2, 30, '2014-05-27 10:00:00', '2D'),
(410, 2, 30, '2014-05-28 10:00:00', '2D'),
(411, 1, 30, '2014-05-23 17:30:00', '2D'),
(412, 1, 30, '2014-05-23 20:10:00', '2D'),
(413, 1, 30, '2014-05-23 22:50:00', '2D'),
(414, 1, 30, '2014-05-24 12:10:00', '2D'),
(415, 1, 30, '2014-05-24 14:50:00', '2D'),
(416, 1, 30, '2014-05-24 17:30:00', '2D'),
(417, 1, 41, '2014-05-23 14:30:00', '2D'),
(418, 1, 41, '2014-05-23 16:25:00', '2D'),
(419, 1, 41, '2014-05-23 18:25:00', '2D'),
(420, 1, 41, '2014-05-23 20:25:00', '2D'),
(421, 1, 41, '2014-05-23 22:25:00', '2D'),
(422, 1, 41, '2014-05-24 11:40:00', '2D'),
(423, 1, 41, '2014-05-24 13:40:00', '2D'),
(424, 1, 41, '2014-05-24 15:40:00', '2D'),
(425, 1, 41, '2014-05-24 17:40:00', '2D'),
(426, 1, 41, '2014-05-24 19:40:00', '2D'),
(427, 1, 41, '2014-05-24 21:40:00', '2D'),
(428, 1, 39, '2014-05-23 14:40:00', '2D'),
(429, 1, 39, '2014-05-23 19:00:00', '2D'),
(430, 1, 39, '2014-05-24 11:50:00', '2D'),
(431, 1, 39, '2014-05-24 14:40:00', '2D'),
(432, 1, 39, '2014-05-24 19:00:00', '2D'),
(433, 1, 39, '2014-05-24 23:40:00', '2D'),
(434, 1, 38, '2014-05-23 14:30:00', '2D'),
(435, 1, 38, '2014-05-23 15:05:00', '2D'),
(436, 1, 38, '2014-05-23 16:50:00', '2D'),
(437, 1, 38, '2014-05-23 17:30:00', '2D'),
(438, 1, 38, '2014-05-23 19:10:00', '2D'),
(439, 1, 38, '2014-05-23 19:55:00', '2D'),
(440, 1, 38, '2014-05-23 21:30:00', '2D'),
(441, 1, 38, '2014-05-23 22:20:00', '2D'),
(442, 1, 38, '2014-05-23 23:50:00', '2D'),
(443, 1, 38, '2014-05-24 11:55:00', '2D'),
(444, 1, 38, '2014-05-24 14:00:00', '2D'),
(445, 1, 38, '2014-05-24 14:20:00', '2D'),
(446, 1, 38, '2014-05-24 16:20:00', '2D'),
(447, 1, 38, '2014-05-24 16:45:00', '2D'),
(448, 1, 38, '2014-05-24 18:40:00', '2D'),
(449, 1, 38, '2014-05-24 19:10:00', '2D'),
(450, 1, 38, '2014-05-24 21:10:00', '2D'),
(451, 1, 38, '2014-05-24 21:35:00', '2D'),
(452, 1, 38, '2014-05-24 23:30:00', '2D'),
(453, 1, 38, '2014-05-25 00:00:00', '2D'),
(454, 1, 37, '2014-05-23 16:50:00', '2D'),
(455, 1, 37, '2014-05-24 12:35:00', '2D'),
(456, 1, 37, '2014-05-24 16:50:00', '2D'),
(457, 1, 42, '2014-05-23 14:30:00', '2D'),
(458, 1, 42, '2014-05-23 15:00:00', '2D'),
(459, 1, 42, '2014-05-23 15:40:00', '2D'),
(460, 1, 42, '2014-05-23 17:10:00', '2D'),
(461, 1, 42, '2014-05-23 17:40:00', '2D'),
(462, 1, 42, '2014-05-23 18:20:00', '2D'),
(463, 1, 42, '2014-05-23 19:50:00', '2D'),
(464, 1, 42, '2014-05-23 20:20:00', '2D'),
(465, 1, 42, '2014-05-23 21:00:00', '2D'),
(466, 1, 42, '2014-05-23 21:10:00', '2D'),
(467, 1, 42, '2014-05-23 22:30:00', '2D'),
(468, 1, 42, '2014-05-23 23:00:00', '2D'),
(469, 1, 42, '2014-05-23 23:40:00', '2D'),
(470, 1, 42, '2014-05-23 23:45:00', '2D'),
(471, 1, 42, '2014-05-24 11:00:00', '2D'),
(472, 1, 42, '2014-05-24 12:00:00', '2D'),
(473, 1, 42, '2014-05-24 13:00:00', '2D'),
(474, 1, 42, '2014-05-24 13:40:00', '2D'),
(475, 1, 42, '2014-05-24 14:40:00', '2D'),
(476, 1, 42, '2014-05-24 15:40:00', '2D'),
(477, 1, 42, '2014-05-24 17:20:00', '2D'),
(478, 1, 42, '2014-05-24 18:20:00', '2D'),
(479, 1, 42, '2014-05-24 19:00:00', '2D'),
(480, 1, 42, '2014-05-24 20:00:00', '2D'),
(481, 1, 42, '2014-05-24 21:00:00', '2D'),
(482, 1, 42, '2014-05-24 21:40:00', '2D'),
(483, 1, 42, '2014-05-24 22:40:00', '2D'),
(484, 1, 42, '2014-05-24 23:35:00', '2D'),
(485, 1, 42, '2014-05-24 23:40:00', '2D'),
(486, 1, 30, '2014-05-25 11:30:00', '2D'),
(487, 1, 30, '2014-05-25 12:30:00', '2D'),
(488, 1, 30, '2014-05-25 14:10:00', '2D'),
(489, 1, 30, '2014-05-25 15:40:00', '2D'),
(490, 1, 30, '2014-05-25 18:20:00', '2D'),
(491, 1, 30, '2014-05-25 21:10:00', '2D'),
(492, 1, 30, '2014-05-26 12:10:00', '2D'),
(493, 1, 30, '2014-05-26 12:50:00', '2D'),
(494, 1, 30, '2014-05-26 14:50:00', '2D'),
(495, 1, 30, '2014-05-26 17:30:00', '2D'),
(496, 1, 30, '2014-05-26 22:50:00', '2D'),
(497, 1, 30, '2014-05-27 11:30:00', '2D'),
(498, 1, 30, '2014-05-27 12:30:00', '2D'),
(499, 1, 30, '2014-05-27 14:10:00', '2D'),
(500, 1, 30, '2014-05-27 15:40:00', '2D'),
(501, 1, 30, '2014-05-27 18:20:00', '2D'),
(502, 1, 30, '2014-05-27 21:10:00', '2D'),
(503, 1, 43, '2014-05-25 17:15:00', '2D'),
(504, 1, 43, '2014-05-25 21:20:00', '2D'),
(505, 1, 43, '2014-05-26 15:30:00', '2D'),
(506, 1, 43, '2014-05-26 17:30:00', '2D'),
(507, 1, 43, '2014-05-26 21:35:00', '2D'),
(508, 1, 43, '2014-05-27 13:40:00', '2D'),
(509, 1, 43, '2014-05-27 17:15:00', '2D'),
(510, 1, 43, '2014-05-27 21:20:00', '2D'),
(511, 1, 39, '2014-05-25 16:50:00', '2D'),
(512, 1, 39, '2014-05-25 19:00:00', '2D'),
(513, 1, 39, '2014-05-26 11:50:00', '2D'),
(514, 1, 39, '2014-05-26 14:45:00', '2D'),
(515, 1, 39, '2014-05-26 19:00:00', '2D'),
(516, 1, 39, '2014-05-26 23:35:00', '2D'),
(517, 1, 39, '2014-05-27 16:50:00', '2D'),
(518, 1, 39, '2014-05-27 19:00:00', '2D'),
(519, 1, 38, '2014-05-25 10:40:00', '2D'),
(520, 1, 38, '2014-05-25 11:15:00', '2D'),
(521, 1, 38, '2014-05-25 13:00:00', '2D'),
(522, 1, 38, '2014-05-25 14:20:00', '2D'),
(523, 1, 38, '2014-05-25 15:25:00', '2D'),
(524, 1, 38, '2014-05-25 16:40:00', '2D'),
(525, 1, 38, '2014-05-25 17:00:00', '2D'),
(526, 1, 38, '2014-05-25 19:00:00', '2D'),
(527, 1, 38, '2014-05-25 19:25:00', '2D'),
(528, 1, 38, '2014-05-25 21:20:00', '2D'),
(529, 1, 38, '2014-05-25 21:50:00', '2D'),
(530, 1, 38, '2014-05-26 11:55:00', '2D'),
(531, 1, 38, '2014-05-26 14:00:00', '2D'),
(532, 1, 38, '2014-05-26 14:20:00', '2D'),
(533, 1, 38, '2014-05-26 16:20:00', '2D'),
(534, 1, 38, '2014-05-26 16:45:00', '2D'),
(535, 1, 38, '2014-05-26 18:40:00', '2D'),
(536, 1, 38, '2014-05-26 19:10:00', '2D'),
(537, 1, 38, '2014-05-26 21:10:00', '2D'),
(538, 1, 38, '2014-05-26 21:35:00', '2D'),
(539, 1, 38, '2014-05-26 23:30:00', '2D'),
(540, 1, 38, '2014-05-27 00:00:00', '2D'),
(541, 1, 38, '2014-05-27 10:40:00', '2D'),
(542, 1, 38, '2014-05-27 11:20:00', '2D'),
(543, 1, 38, '2014-05-27 13:00:00', '2D'),
(544, 1, 38, '2014-05-27 14:20:00', '2D'),
(545, 1, 38, '2014-05-27 15:25:00', '2D'),
(546, 1, 38, '2014-05-27 16:40:00', '2D'),
(547, 1, 38, '2014-05-27 17:00:00', '2D'),
(548, 1, 38, '2014-05-27 19:00:00', '2D'),
(549, 1, 38, '2014-05-27 19:25:00', '2D'),
(550, 1, 38, '2014-05-27 21:20:00', '2D'),
(551, 1, 38, '2014-05-27 21:50:00', '2D'),
(552, 1, 37, '2014-05-25 13:35:00', '2D'),
(553, 1, 37, '2014-05-25 15:10:00', '2D'),
(554, 1, 37, '2014-05-25 19:15:00', '2D'),
(555, 1, 37, '2014-05-26 12:40:00', '2D'),
(556, 1, 37, '2014-05-26 16:55:00', '2D'),
(557, 1, 37, '2014-05-26 19:30:00', '2D'),
(558, 1, 37, '2014-05-27 15:10:00', '2D'),
(559, 1, 37, '2014-05-27 19:15:00', '2D'),
(560, 1, 42, '2014-05-25 10:30:00', '2D'),
(561, 1, 42, '2014-05-25 11:10:00', '2D'),
(562, 1, 42, '2014-05-25 11:45:00', '2D'),
(563, 1, 42, '2014-05-25 11:50:00', '2D'),
(564, 1, 42, '2014-05-25 13:05:00', '2D'),
(565, 1, 42, '2014-05-25 13:50:00', '2D'),
(566, 1, 42, '2014-05-25 14:25:00', '2D'),
(567, 1, 42, '2014-05-25 15:40:00', '2D'),
(568, 1, 42, '2014-05-25 16:30:00', '2D'),
(569, 1, 42, '2014-05-25 17:50:00', '2D'),
(570, 1, 42, '2014-05-25 18:20:00', '2D'),
(571, 1, 42, '2014-05-25 19:10:00', '2D'),
(572, 1, 42, '2014-05-25 20:30:00', '2D'),
(573, 1, 42, '2014-05-25 21:00:00', '2D'),
(574, 1, 42, '2014-05-25 21:50:00', '2D'),
(575, 1, 42, '2014-05-26 11:10:00', '2D'),
(576, 1, 42, '2014-05-26 12:00:00', '2D'),
(577, 1, 42, '2014-05-26 12:40:00', '2D'),
(578, 1, 42, '2014-05-26 13:50:00', '2D'),
(579, 1, 42, '2014-05-26 14:40:00', '2D'),
(580, 1, 42, '2014-05-26 15:20:00', '2D'),
(581, 1, 42, '2014-05-26 17:20:00', '2D'),
(582, 1, 42, '2014-05-26 18:00:00', '2D'),
(583, 1, 42, '2014-05-26 19:10:00', '2D'),
(584, 1, 42, '2014-05-26 20:00:00', '2D'),
(585, 1, 42, '2014-05-26 20:40:00', '2D'),
(586, 1, 42, '2014-05-26 21:00:00', '2D'),
(587, 1, 42, '2014-05-26 21:50:00', '2D'),
(588, 1, 42, '2014-05-26 22:40:00', '2D'),
(589, 1, 42, '2014-05-26 23:20:00', '2D'),
(590, 1, 42, '2014-05-26 23:35:00', '2D'),
(591, 1, 42, '2014-05-27 10:30:00', '2D'),
(592, 1, 42, '2014-05-27 11:10:00', '2D'),
(593, 1, 42, '2014-05-27 11:45:00', '2D'),
(594, 1, 42, '2014-05-27 11:50:00', '2D'),
(595, 1, 42, '2014-05-27 13:05:00', '2D'),
(596, 1, 42, '2014-05-27 13:50:00', '2D'),
(597, 1, 42, '2014-05-27 14:25:00', '2D'),
(598, 1, 42, '2014-05-27 15:40:00', '2D'),
(599, 1, 42, '2014-05-27 16:30:00', '2D'),
(600, 1, 42, '2014-05-27 17:50:00', '2D'),
(601, 1, 42, '2014-05-27 18:20:00', '2D'),
(602, 1, 42, '2014-05-27 19:10:00', '2D'),
(603, 1, 42, '2014-05-27 20:30:00', '2D'),
(604, 1, 42, '2014-05-27 21:00:00', '2D'),
(605, 1, 42, '2014-05-27 21:50:00', '2D'),
(606, 1, 30, '2014-05-25 21:20:00', '2D'),
(607, 1, 30, '2014-05-26 20:10:00', '2D'),
(608, 2, 44, '2014-05-27 11:00:00', '2D'),
(609, 2, 44, '2014-05-27 14:30:00', '2D'),
(610, 2, 44, '2014-05-27 15:30:00', '2D'),
(611, 2, 44, '2014-05-27 17:50:00', '2D'),
(612, 2, 44, '2014-05-27 20:10:00', '2D'),
(613, 2, 44, '2014-05-27 21:10:00', '2D'),
(614, 2, 44, '2014-05-28 11:00:00', '2D'),
(615, 2, 44, '2014-05-28 14:30:00', '2D'),
(616, 2, 44, '2014-05-28 15:30:00', '2D'),
(617, 2, 44, '2014-05-28 17:50:00', '2D'),
(618, 2, 44, '2014-05-28 20:10:00', '2D'),
(619, 2, 44, '2014-05-28 21:10:00', '2D'),
(620, 2, 45, '2014-05-27 10:00:00', '2D'),
(621, 2, 45, '2014-05-28 10:00:00', '2D'),
(622, 3, 46, '2014-05-28 21:00:00', '2D'),
(623, 3, 46, '2014-05-28 21:45:00', '2D'),
(624, 3, 42, '2014-05-22 10:45:00', '2D'),
(625, 3, 42, '2014-05-22 11:30:00', '2D'),
(626, 3, 42, '2014-05-22 13:05:00', '2D'),
(627, 3, 42, '2014-05-22 14:00:00', '2D'),
(628, 3, 42, '2014-05-22 15:35:00', '2D'),
(629, 3, 42, '2014-05-22 16:30:00', '2D'),
(630, 3, 42, '2014-05-22 16:45:00', '2D'),
(631, 3, 42, '2014-05-22 17:30:00', '2D'),
(632, 3, 42, '2014-05-22 18:00:00', '2D'),
(633, 3, 42, '2014-05-22 19:00:00', '2D'),
(634, 3, 42, '2014-05-22 19:10:00', '2D'),
(635, 3, 42, '2014-05-22 19:15:00', '2D'),
(636, 3, 42, '2014-05-22 20:00:00', '2D'),
(637, 3, 42, '2014-05-22 20:25:00', '2D'),
(638, 3, 42, '2014-05-22 21:30:00', '2D'),
(639, 3, 42, '2014-05-22 21:45:00', '2D'),
(640, 3, 42, '2014-05-22 22:30:00', '2D'),
(641, 3, 42, '2014-05-22 22:45:00', '2D'),
(642, 3, 42, '2014-05-22 23:50:00', '2D'),
(643, 3, 42, '2014-05-22 01:00:00', '2D'),
(644, 3, 42, '2014-05-23 14:30:00', '2D'),
(645, 3, 42, '2014-05-23 14:35:00', '2D'),
(646, 3, 42, '2014-05-23 16:40:00', '2D'),
(647, 3, 42, '2014-05-23 16:45:00', '2D'),
(648, 3, 42, '2014-05-23 16:50:00', '2D'),
(649, 3, 42, '2014-05-23 17:00:00', '2D'),
(650, 3, 42, '2014-05-23 17:30:00', '2D'),
(651, 3, 42, '2014-05-23 19:10:00', '2D'),
(652, 3, 42, '2014-05-23 19:15:00', '2D'),
(653, 3, 42, '2014-05-23 19:25:00', '2D'),
(654, 3, 42, '2014-05-23 20:00:00', '2D'),
(655, 3, 42, '2014-05-23 21:40:00', '2D'),
(656, 3, 42, '2014-05-23 21:45:00', '2D'),
(657, 3, 42, '2014-05-23 21:50:00', '2D'),
(658, 3, 42, '2014-05-23 22:30:00', '2D'),
(659, 3, 42, '2014-05-23 01:00:00', '2D'),
(660, 3, 42, '2014-05-24 10:45:00', '2D'),
(661, 3, 42, '2014-05-24 11:30:00', '2D'),
(662, 3, 42, '2014-05-24 13:05:00', '2D'),
(663, 3, 42, '2014-05-24 14:00:00', '2D'),
(664, 3, 42, '2014-05-24 15:35:00', '2D'),
(665, 3, 42, '2014-05-24 16:30:00', '2D'),
(666, 3, 42, '2014-05-24 16:45:00', '2D'),
(667, 3, 42, '2014-05-24 17:30:00', '2D'),
(668, 3, 42, '2014-05-24 18:00:00', '2D'),
(669, 3, 42, '2014-05-24 19:00:00', '2D'),
(670, 3, 42, '2014-05-24 19:10:00', '2D'),
(671, 3, 42, '2014-05-24 19:15:00', '2D'),
(672, 3, 42, '2014-05-24 20:25:00', '2D'),
(673, 3, 42, '2014-05-24 21:30:00', '2D'),
(674, 3, 42, '2014-05-24 21:45:00', '2D'),
(675, 3, 42, '2014-05-24 22:30:00', '2D'),
(676, 3, 42, '2014-05-24 22:45:00', '2D'),
(677, 3, 42, '2014-05-24 23:50:00', '2D'),
(678, 3, 42, '2014-05-24 01:00:00', '2D'),
(679, 3, 42, '2014-05-25 10:45:00', '2D'),
(680, 3, 42, '2014-05-25 11:30:00', '2D'),
(681, 3, 42, '2014-05-25 13:05:00', '2D'),
(682, 3, 42, '2014-05-25 14:00:00', '2D'),
(683, 3, 42, '2014-05-25 14:30:00', '2D'),
(684, 3, 42, '2014-05-25 14:45:00', '2D'),
(685, 3, 42, '2014-05-25 15:35:00', '2D'),
(686, 3, 42, '2014-05-25 16:30:00', '2D'),
(687, 3, 42, '2014-05-25 16:45:00', '2D'),
(688, 3, 42, '2014-05-25 17:10:00', '2D'),
(689, 3, 42, '2014-05-25 18:00:00', '2D'),
(690, 3, 42, '2014-05-25 19:00:00', '2D'),
(691, 3, 42, '2014-05-25 19:15:00', '2D'),
(692, 3, 42, '2014-05-25 19:35:00', '2D'),
(693, 3, 42, '2014-05-25 20:25:00', '2D'),
(694, 3, 42, '2014-05-25 21:30:00', '2D'),
(695, 3, 42, '2014-05-25 21:45:00', '2D'),
(696, 3, 42, '2014-05-25 22:00:00', '2D'),
(697, 3, 42, '2014-05-26 10:45:00', '2D'),
(698, 3, 42, '2014-05-26 11:30:00', '2D'),
(699, 3, 42, '2014-05-26 13:05:00', '2D'),
(700, 3, 42, '2014-05-26 14:00:00', '2D'),
(701, 3, 42, '2014-05-26 15:35:00', '2D'),
(702, 3, 42, '2014-05-26 16:30:00', '2D'),
(703, 3, 42, '2014-05-26 16:45:00', '2D'),
(704, 3, 42, '2014-05-26 17:30:00', '2D'),
(705, 3, 42, '2014-05-26 18:00:00', '2D'),
(706, 3, 42, '2014-05-26 19:00:00', '2D'),
(707, 3, 42, '2014-05-26 19:15:00', '2D'),
(708, 3, 42, '2014-05-26 20:00:00', '2D'),
(709, 3, 42, '2014-05-26 20:25:00', '2D'),
(710, 3, 42, '2014-05-26 21:30:00', '2D'),
(711, 3, 42, '2014-05-26 21:45:00', '2D'),
(712, 3, 42, '2014-05-27 10:45:00', '2D'),
(713, 3, 42, '2014-05-27 11:30:00', '2D'),
(714, 3, 42, '2014-05-27 13:05:00', '2D'),
(715, 3, 42, '2014-05-27 14:00:00', '2D'),
(716, 3, 42, '2014-05-27 15:35:00', '2D'),
(717, 3, 42, '2014-05-27 16:30:00', '2D'),
(718, 3, 42, '2014-05-27 16:45:00', '2D'),
(719, 3, 42, '2014-05-27 17:30:00', '2D'),
(720, 3, 42, '2014-05-27 18:00:00', '2D'),
(721, 3, 42, '2014-05-27 19:00:00', '2D'),
(722, 3, 42, '2014-05-27 19:15:00', '2D'),
(723, 3, 42, '2014-05-27 20:00:00', '2D'),
(724, 3, 42, '2014-05-27 20:25:00', '2D'),
(725, 3, 42, '2014-05-27 21:30:00', '2D'),
(726, 3, 42, '2014-05-27 21:45:00', '2D'),
(727, 3, 42, '2014-05-28 10:45:00', '2D'),
(728, 3, 42, '2014-05-28 11:30:00', '2D'),
(729, 3, 42, '2014-05-28 13:05:00', '2D'),
(730, 3, 42, '2014-05-28 14:00:00', '2D'),
(731, 3, 42, '2014-05-28 15:35:00', '2D'),
(732, 3, 42, '2014-05-28 16:30:00', '2D'),
(733, 3, 42, '2014-05-28 16:45:00', '2D'),
(734, 3, 42, '2014-05-28 17:30:00', '2D'),
(735, 3, 42, '2014-05-28 18:00:00', '2D'),
(736, 3, 42, '2014-05-28 19:00:00', '2D'),
(737, 3, 42, '2014-05-28 19:15:00', '2D'),
(738, 3, 42, '2014-05-28 20:00:00', '2D'),
(739, 3, 42, '2014-05-28 21:30:00', '2D'),
(740, 3, 42, '2014-05-22 11:50:00', '3D'),
(741, 3, 42, '2014-05-22 14:20:00', '3D'),
(742, 3, 42, '2014-05-23 14:20:00', '3D'),
(743, 3, 42, '2014-05-24 11:50:00', '3D'),
(744, 3, 42, '2014-05-24 14:20:00', '3D'),
(745, 3, 42, '2014-05-25 11:50:00', '3D'),
(746, 3, 42, '2014-05-25 14:20:00', '3D'),
(747, 3, 42, '2014-05-26 11:50:00', '3D'),
(748, 3, 42, '2014-05-26 14:20:00', '3D'),
(749, 3, 42, '2014-05-27 11:50:00', '3D'),
(750, 3, 42, '2014-05-27 14:20:00', '3D'),
(751, 3, 42, '2014-05-28 11:50:00', '3D'),
(752, 3, 42, '2014-05-28 14:20:00', '3D'),
(753, 3, 38, '2014-05-22 12:10:00', '2D'),
(754, 3, 38, '2014-05-22 14:30:00', '2D'),
(755, 3, 38, '2014-05-22 16:50:00', '2D'),
(756, 3, 38, '2014-05-22 21:30:00', '2D'),
(757, 3, 38, '2014-05-22 23:50:00', '2D'),
(758, 3, 38, '2014-05-23 14:25:00', '2D'),
(759, 3, 38, '2014-05-23 21:30:00', '2D'),
(760, 3, 38, '2014-05-23 23:50:00', '2D'),
(761, 3, 38, '2014-05-24 12:10:00', '2D'),
(762, 3, 38, '2014-05-24 14:30:00', '2D'),
(763, 3, 38, '2014-05-24 16:50:00', '2D'),
(764, 3, 38, '2014-05-24 21:30:00', '2D'),
(765, 3, 38, '2014-05-24 23:50:00', '2D'),
(766, 3, 38, '2014-05-25 12:10:00', '2D'),
(767, 3, 38, '2014-05-25 16:50:00', '2D'),
(768, 3, 38, '2014-05-25 19:10:00', '2D'),
(769, 3, 38, '2014-05-25 21:30:00', '2D'),
(770, 3, 38, '2014-05-26 12:10:00', '2D'),
(771, 3, 38, '2014-05-26 14:30:00', '2D'),
(772, 3, 38, '2014-05-26 16:50:00', '2D'),
(773, 3, 38, '2014-05-26 19:10:00', '2D'),
(774, 3, 38, '2014-05-26 21:30:00', '2D'),
(775, 3, 38, '2014-05-27 12:10:00', '2D'),
(776, 3, 38, '2014-05-27 14:30:00', '2D'),
(777, 3, 38, '2014-05-27 16:50:00', '2D'),
(778, 3, 38, '2014-05-27 19:10:00', '2D'),
(779, 3, 38, '2014-05-27 21:30:00', '2D'),
(780, 3, 38, '2014-05-28 12:10:00', '2D'),
(781, 3, 38, '2014-05-28 14:30:00', '2D'),
(782, 3, 38, '2014-05-28 16:50:00', '2D'),
(783, 3, 38, '2014-05-28 19:10:00', '2D'),
(784, 3, 38, '2014-05-28 21:30:00', '2D'),
(785, 3, 45, '2014-05-22 12:00:00', '2D'),
(786, 3, 45, '2014-05-22 14:45:00', '2D'),
(787, 3, 45, '2014-05-23 14:45:00', '2D'),
(788, 3, 45, '2014-05-24 12:00:00', '2D'),
(789, 3, 45, '2014-05-24 14:45:00', '2D'),
(790, 3, 45, '2014-05-25 12:00:00', '2D'),
(791, 3, 45, '2014-05-26 12:00:00', '2D'),
(792, 3, 45, '2014-05-26 14:45:00', '2D'),
(793, 3, 45, '2014-05-27 12:00:00', '2D'),
(794, 3, 45, '2014-05-27 14:45:00', '2D'),
(795, 3, 45, '2014-05-28 12:00:00', '2D'),
(796, 3, 45, '2014-05-28 14:45:00', '2D'),
(797, 4, 47, '2014-05-27 11:30:00', '2D'),
(798, 4, 47, '2014-05-28 11:30:00', '2D'),
(799, 4, 47, '2014-05-27 13:00:00', '2D'),
(800, 4, 47, '2014-05-28 13:00:00', '2D'),
(801, 4, 47, '2014-05-27 16:30:00', '2D'),
(802, 4, 47, '2014-05-28 16:30:00', '2D'),
(803, 4, 47, '2014-05-27 17:40:00', '2D'),
(804, 4, 47, '2014-05-28 17:40:00', '2D'),
(805, 4, 47, '2014-05-27 20:00:00', '2D'),
(806, 4, 47, '2014-05-28 20:00:00', '2D'),
(807, 4, 47, '2014-05-27 21:15:00', '2D'),
(808, 4, 47, '2014-05-28 21:15:00', '2D'),
(809, 4, 47, '2014-05-26 11:30:00', '2D'),
(810, 4, 47, '2014-05-26 13:00:00', '2D'),
(811, 4, 47, '2014-05-26 16:30:00', '2D'),
(812, 4, 47, '2014-05-26 17:40:00', '2D'),
(813, 4, 47, '2014-05-26 20:00:00', '2D'),
(814, 4, 47, '2014-05-26 21:15:00', '2D'),
(815, 4, 47, '2014-05-26 22:20:00', '2D'),
(816, 4, 47, '2014-05-25 10:45:00', '2D'),
(817, 4, 47, '2014-05-25 12:45:00', '2D'),
(818, 4, 47, '2014-05-25 15:30:00', '2D'),
(819, 4, 47, '2014-05-25 18:00:00', '2D'),
(820, 4, 47, '2014-05-25 20:30:00', '2D'),
(821, 4, 47, '2014-05-25 22:10:00', '2D'),
(822, 4, 47, '2014-05-24 11:30:00', '2D'),
(823, 4, 47, '2014-05-24 13:00:00', '2D'),
(824, 4, 47, '2014-05-24 16:30:00', '2D'),
(825, 4, 47, '2014-05-24 17:40:00', '2D'),
(826, 4, 47, '2014-05-24 20:00:00', '2D'),
(827, 4, 47, '2014-05-24 21:15:00', '2D'),
(828, 4, 47, '2014-05-24 22:20:00', '2D'),
(829, 4, 47, '2014-05-23 14:30:00', '2D'),
(830, 4, 47, '2014-05-23 17:00:00', '2D'),
(831, 4, 47, '2014-05-23 19:30:00', '2D'),
(832, 4, 47, '2014-05-23 21:15:00', '2D'),
(833, 4, 47, '2014-05-23 22:50:00', '2D'),
(834, 4, 38, '2014-05-27 10:45:00', '2D'),
(835, 4, 38, '2014-05-28 10:45:00', '2D'),
(836, 4, 38, '2014-05-27 15:30:00', '2D'),
(837, 4, 38, '2014-05-28 15:30:00', '2D'),
(838, 4, 38, '2014-05-27 19:00:00', '2D'),
(839, 4, 38, '2014-05-28 19:00:00', '2D'),
(840, 4, 38, '2014-05-26 10:45:00', '2D'),
(841, 4, 38, '2014-05-26 15:30:00', '2D'),
(842, 4, 38, '2014-05-26 19:00:00', '2D'),
(843, 4, 38, '2014-05-26 23:40:00', '2D'),
(844, 4, 38, '2014-05-25 10:30:00', '2D'),
(845, 4, 38, '2014-05-25 13:10:00', '2D'),
(846, 4, 38, '2014-05-25 17:35:00', '2D'),
(847, 4, 38, '2014-05-25 20:00:00', '2D'),
(848, 4, 38, '2014-05-24 10:45:00', '2D'),
(849, 4, 38, '2014-05-24 15:30:00', '2D'),
(850, 4, 38, '2014-05-24 19:00:00', '2D'),
(851, 4, 38, '2014-05-23 16:45:00', '2D'),
(852, 4, 38, '2014-05-23 19:00:00', '2D'),
(853, 4, 48, '2014-05-27 13:50:00', '2D'),
(854, 4, 48, '2014-05-28 13:50:00', '2D'),
(855, 4, 48, '2014-05-26 13:50:00', '2D'),
(856, 4, 48, '2014-05-25 15:05:00', '2D'),
(857, 4, 48, '2014-05-24 13:50:00', '2D'),
(858, 4, 48, '2014-05-23 14:15:00', '2D'),
(859, 1, 49, '2014-05-28 21:00:00', '2D'),
(860, 1, 49, '2014-05-29 11:20:00', '2D'),
(861, 1, 49, '2014-05-29 13:25:00', '2D'),
(862, 1, 49, '2014-05-29 15:30:00', '2D'),
(863, 1, 49, '2014-05-29 17:35:00', '2D'),
(864, 1, 49, '2014-05-29 19:40:00', '2D'),
(865, 1, 49, '2014-05-29 21:35:00', '2D'),
(866, 1, 49, '2014-05-29 23:40:00', '2D'),
(867, 1, 45, '2014-05-28 12:30:00', '2D'),
(868, 1, 45, '2014-05-28 14:10:00', '2D'),
(869, 1, 45, '2014-05-28 16:30:00', '2D'),
(870, 1, 45, '2014-05-28 19:10:00', '2D'),
(871, 1, 43, '2014-05-28 14:30:00', '2D'),
(872, 1, 43, '2014-05-28 17:15:00', '2D'),
(873, 1, 39, '2014-05-28 16:50:00', '2D'),
(874, 1, 39, '2014-05-28 19:00:00', '2D'),
(875, 1, 46, '2014-05-28 21:20:00', '2D'),
(876, 1, 46, '2014-05-28 21:50:00', '2D'),
(877, 1, 46, '2014-05-29 12:00:00', '2D'),
(878, 1, 46, '2014-05-29 14:20:00', '2D'),
(879, 1, 46, '2014-05-29 16:40:00', '2D'),
(880, 1, 46, '2014-05-29 19:00:00', '2D'),
(881, 1, 46, '2014-05-29 21:20:00', '2D'),
(882, 1, 46, '2014-05-29 23:40:00', '2D'),
(883, 1, 38, '2014-05-28 13:00:00', '2D'),
(884, 1, 38, '2014-05-28 14:20:00', '2D'),
(885, 1, 38, '2014-05-28 15:25:00', '2D'),
(886, 1, 38, '2014-05-28 16:40:00', '2D'),
(887, 1, 38, '2014-05-28 17:00:00', '2D'),
(888, 1, 38, '2014-05-28 19:00:00', '2D'),
(889, 1, 38, '2014-05-28 19:25:00', '2D'),
(890, 1, 38, '2014-05-28 21:20:00', '2D'),
(891, 1, 38, '2014-05-28 21:50:00', '2D'),
(892, 1, 37, '2014-05-28 15:10:00', '2D'),
(893, 1, 37, '2014-05-28 19:15:00', '2D'),
(894, 1, 37, '2014-05-28 21:10:00', '2D'),
(895, 1, 42, '2014-05-28 13:05:00', '2D'),
(896, 1, 42, '2014-05-28 13:50:00', '2D'),
(897, 1, 42, '2014-05-28 14:25:00', '2D'),
(898, 1, 42, '2014-05-28 15:40:00', '2D'),
(899, 1, 42, '2014-05-28 16:30:00', '2D'),
(900, 1, 42, '2014-05-28 17:50:00', '2D'),
(901, 1, 42, '2014-05-28 18:20:00', '2D'),
(902, 1, 42, '2014-05-28 19:10:00', '2D'),
(903, 1, 42, '2014-05-28 20:30:00', '2D'),
(904, 1, 42, '2014-05-28 21:50:00', '2D'),
(905, 2, 44, '2014-05-28 22:30:00', '2D'),
(906, 3, 46, '2014-05-22 12:30:00', '2D'),
(907, 3, 46, '2014-05-22 14:45:00', '2D'),
(908, 3, 46, '2014-05-22 17:00:00', '2D'),
(909, 3, 46, '2014-05-22 19:15:00', '2D'),
(910, 3, 46, '2014-05-22 21:30:00', '2D'),
(911, 3, 46, '2014-05-22 23:45:00', '2D'),
(912, 3, 46, '2014-05-23 14:45:00', '2D'),
(913, 3, 46, '2014-05-23 17:00:00', '2D'),
(914, 3, 46, '2014-05-23 19:15:00', '2D'),
(915, 3, 46, '2014-05-23 21:30:00', '2D'),
(916, 3, 46, '2014-05-23 23:45:00', '2D'),
(917, 3, 46, '2014-05-24 12:30:00', '2D'),
(918, 3, 46, '2014-05-24 14:45:00', '2D'),
(919, 3, 46, '2014-05-24 17:00:00', '2D'),
(920, 3, 46, '2014-05-24 19:15:00', '2D'),
(921, 3, 46, '2014-05-24 21:30:00', '2D'),
(922, 3, 46, '2014-05-24 23:45:00', '2D'),
(923, 3, 46, '2014-05-25 12:30:00', '2D'),
(924, 3, 46, '2014-05-25 14:45:00', '2D'),
(925, 3, 46, '2014-05-25 17:00:00', '2D'),
(926, 3, 46, '2014-05-25 19:15:00', '2D'),
(927, 3, 46, '2014-05-25 21:30:00', '2D'),
(928, 3, 46, '2014-05-26 12:30:00', '2D'),
(929, 3, 46, '2014-05-26 14:45:00', '2D'),
(930, 3, 46, '2014-05-26 17:00:00', '2D'),
(931, 3, 46, '2014-05-26 19:15:00', '2D'),
(932, 3, 46, '2014-05-26 21:30:00', '2D'),
(933, 3, 46, '2014-05-27 12:30:00', '2D'),
(934, 3, 46, '2014-05-27 14:45:00', '2D'),
(935, 3, 46, '2014-05-27 17:00:00', '2D'),
(936, 3, 46, '2014-05-27 19:15:00', '2D'),
(937, 3, 46, '2014-05-27 21:30:00', '2D'),
(938, 3, 42, '2014-05-22 00:00:00', '2D'),
(939, 3, 42, '2014-05-23 00:00:00', '2D'),
(940, 3, 42, '2014-05-24 00:00:00', '2D'),
(941, 5, 46, '2014-05-28 21:35:00', '2D'),
(942, 5, 50, '2014-05-22 11:30:00', '2D'),
(943, 5, 50, '2014-05-22 14:00:00', '2D'),
(944, 5, 50, '2014-05-22 16:30:00', '2D'),
(945, 5, 50, '2014-05-22 17:35:00', '2D'),
(946, 5, 50, '2014-05-22 19:00:00', '2D'),
(947, 5, 50, '2014-05-22 20:00:00', '2D'),
(948, 5, 50, '2014-05-22 21:30:00', '2D'),
(949, 5, 50, '2014-05-22 22:25:00', '2D'),
(950, 5, 50, '2014-05-22 00:00:00', '2D'),
(951, 5, 50, '2014-05-23 14:30:00', '2D'),
(952, 5, 50, '2014-05-23 16:50:00', '2D'),
(953, 5, 50, '2014-05-23 17:35:00', '2D'),
(954, 5, 50, '2014-05-23 19:10:00', '2D'),
(955, 5, 50, '2014-05-23 20:00:00', '2D'),
(956, 5, 50, '2014-05-23 21:30:00', '2D'),
(957, 5, 50, '2014-05-23 22:25:00', '2D'),
(958, 5, 50, '2014-05-23 00:00:00', '2D'),
(959, 5, 50, '2014-05-24 11:30:00', '2D'),
(960, 5, 50, '2014-05-24 14:00:00', '2D'),
(961, 5, 50, '2014-05-24 16:30:00', '2D'),
(962, 5, 50, '2014-05-24 17:35:00', '2D'),
(963, 5, 50, '2014-05-24 19:00:00', '2D'),
(964, 5, 50, '2014-05-24 20:00:00', '2D'),
(965, 5, 50, '2014-05-24 21:30:00', '2D'),
(966, 5, 50, '2014-05-24 22:25:00', '2D'),
(967, 5, 50, '2014-05-24 00:00:00', '2D'),
(968, 5, 50, '2014-05-25 11:30:00', '2D'),
(969, 5, 50, '2014-05-25 14:00:00', '2D'),
(970, 5, 50, '2014-05-25 16:30:00', '2D'),
(971, 5, 50, '2014-05-25 17:35:00', '2D'),
(972, 5, 50, '2014-05-25 19:00:00', '2D'),
(973, 5, 50, '2014-05-25 20:00:00', '2D'),
(974, 5, 50, '2014-05-25 21:30:00', '2D'),
(975, 5, 50, '2014-05-26 11:30:00', '2D'),
(976, 5, 50, '2014-05-26 14:00:00', '2D'),
(977, 5, 50, '2014-05-26 16:30:00', '2D'),
(978, 5, 50, '2014-05-26 17:35:00', '2D'),
(979, 5, 50, '2014-05-26 19:00:00', '2D'),
(980, 5, 50, '2014-05-26 20:00:00', '2D'),
(981, 5, 50, '2014-05-26 21:30:00', '2D'),
(982, 5, 50, '2014-05-27 11:30:00', '2D'),
(983, 5, 50, '2014-05-27 14:00:00', '2D'),
(984, 5, 50, '2014-05-27 16:30:00', '2D'),
(985, 5, 50, '2014-05-27 17:35:00', '2D'),
(986, 5, 50, '2014-05-27 19:00:00', '2D'),
(987, 5, 50, '2014-05-27 20:00:00', '2D'),
(988, 5, 50, '2014-05-27 21:30:00', '2D'),
(989, 5, 50, '2014-05-28 11:30:00', '2D'),
(990, 5, 50, '2014-05-28 14:00:00', '2D'),
(991, 5, 50, '2014-05-28 16:30:00', '2D'),
(992, 5, 50, '2014-05-28 17:35:00', '2D'),
(993, 5, 50, '2014-05-28 19:00:00', '2D'),
(994, 5, 50, '2014-05-28 21:30:00', '2D'),
(995, 5, 50, '2014-05-22 12:30:00', '3D'),
(996, 5, 50, '2014-05-22 15:00:00', '3D'),
(997, 5, 50, '2014-05-23 15:00:00', '3D'),
(998, 5, 50, '2014-05-24 12:30:00', '3D'),
(999, 5, 50, '2014-05-24 15:00:00', '3D'),
(1000, 5, 50, '2014-05-25 12:30:00', '3D'),
(1001, 5, 50, '2014-05-25 15:00:00', '3D'),
(1002, 5, 50, '2014-05-26 12:30:00', '3D'),
(1003, 5, 50, '2014-05-26 15:00:00', '3D'),
(1004, 5, 50, '2014-05-27 12:30:00', '3D'),
(1005, 5, 50, '2014-05-27 15:00:00', '3D'),
(1006, 5, 50, '2014-05-28 12:30:00', '3D'),
(1007, 5, 50, '2014-05-28 17:00:00', '3D'),
(1008, 5, 38, '2014-05-22 14:40:00', '2D'),
(1009, 5, 38, '2014-05-22 17:00:00', '2D'),
(1010, 5, 38, '2014-05-22 19:20:00', '2D'),
(1011, 5, 38, '2014-05-22 21:35:00', '2D'),
(1012, 5, 38, '2014-05-22 23:50:00', '2D'),
(1013, 5, 38, '2014-05-23 14:40:00', '2D'),
(1014, 5, 38, '2014-05-23 17:00:00', '2D'),
(1015, 5, 38, '2014-05-23 19:20:00', '2D'),
(1016, 5, 38, '2014-05-23 21:35:00', '2D'),
(1017, 5, 38, '2014-05-24 14:40:00', '2D'),
(1018, 5, 38, '2014-05-24 17:00:00', '2D'),
(1019, 5, 38, '2014-05-24 19:20:00', '2D'),
(1020, 5, 38, '2014-05-24 21:35:00', '2D'),
(1021, 5, 38, '2014-05-24 23:50:00', '2D'),
(1022, 5, 38, '2014-05-25 14:40:00', '2D'),
(1023, 5, 38, '2014-05-25 17:00:00', '2D'),
(1024, 5, 38, '2014-05-25 19:20:00', '2D'),
(1025, 5, 38, '2014-05-25 21:35:00', '2D'),
(1026, 5, 38, '2014-05-26 14:40:00', '2D'),
(1027, 5, 38, '2014-05-26 17:00:00', '2D'),
(1028, 5, 38, '2014-05-26 19:20:00', '2D'),
(1029, 5, 38, '2014-05-26 21:35:00', '2D'),
(1030, 5, 38, '2014-05-27 14:40:00', '2D'),
(1031, 5, 38, '2014-05-27 17:00:00', '2D'),
(1032, 5, 38, '2014-05-27 19:20:00', '2D'),
(1033, 5, 38, '2014-05-27 21:35:00', '2D'),
(1034, 5, 38, '2014-05-28 14:40:00', '2D'),
(1035, 5, 38, '2014-05-28 17:00:00', '2D'),
(1036, 5, 38, '2014-05-28 19:20:00', '2D'),
(1037, 5, 38, '2014-05-28 20:00:00', '2D'),
(1038, 5, 45, '2014-05-22 12:00:00', '2D'),
(1039, 5, 45, '2014-05-23 23:50:00', '2D'),
(1040, 5, 45, '2014-05-24 12:00:00', '2D'),
(1041, 5, 45, '2014-05-25 12:00:00', '2D'),
(1042, 5, 45, '2014-05-26 12:00:00', '2D'),
(1043, 5, 45, '2014-05-27 12:00:00', '2D'),
(1044, 5, 45, '2014-05-28 12:00:00', '2D'),
(1045, 1, 49, '2014-05-28 21:50:00', '2D'),
(1046, 1, 49, '2014-05-29 21:50:00', '2D'),
(1047, 1, 49, '2014-05-29 23:55:00', '2D'),
(1048, 1, 51, '2014-05-28 19:10:00', '2D'),
(1049, 1, 51, '2014-05-29 15:35:00', '2D'),
(1050, 1, 43, '2014-05-28 19:10:00', '2D'),
(1051, 1, 43, '2014-05-29 11:20:00', '2D'),
(1052, 1, 43, '2014-05-29 18:15:00', '2D'),
(1053, 1, 46, '2014-05-29 11:20:00', '2D'),
(1054, 1, 46, '2014-05-29 13:40:00', '2D'),
(1055, 1, 46, '2014-05-29 16:00:00', '2D'),
(1056, 1, 46, '2014-05-29 18:20:00', '2D'),
(1057, 1, 46, '2014-05-29 20:40:00', '2D'),
(1058, 1, 46, '2014-05-29 23:00:00', '2D'),
(1059, 1, 38, '2014-05-29 12:00:00', '2D'),
(1060, 1, 38, '2014-05-29 13:15:00', '2D'),
(1061, 1, 38, '2014-05-29 14:20:00', '2D'),
(1062, 1, 38, '2014-05-29 16:40:00', '2D'),
(1063, 1, 38, '2014-05-29 19:00:00', '2D'),
(1064, 1, 38, '2014-05-29 21:20:00', '2D'),
(1065, 1, 38, '2014-05-29 23:40:00', '2D'),
(1066, 1, 42, '2014-05-29 11:30:00', '2D'),
(1067, 1, 42, '2014-05-29 14:05:00', '2D'),
(1068, 1, 42, '2014-05-29 16:40:00', '2D'),
(1069, 1, 42, '2014-05-29 19:15:00', '2D'),
(1070, 1, 42, '2014-05-29 21:45:00', '2D'),
(1071, 1, 42, '2014-05-29 22:40:00', '2D'),
(1072, 2, 44, '2014-05-29 10:30:00', '2D'),
(1073, 2, 44, '2014-05-29 12:50:00', '2D'),
(1074, 2, 44, '2014-05-29 15:10:00', '2D'),
(1075, 2, 44, '2014-05-29 19:40:00', '2D'),
(1076, 2, 44, '2014-05-29 22:00:00', '2D'),
(1077, 2, 44, '2014-05-30 15:00:00', '2D'),
(1078, 2, 44, '2014-05-30 19:40:00', '2D'),
(1079, 2, 44, '2014-05-30 22:00:00', '2D'),
(1080, 2, 44, '2014-05-31 10:30:00', '2D'),
(1081, 2, 44, '2014-05-31 12:50:00', '2D'),
(1082, 2, 44, '2014-05-31 15:10:00', '2D'),
(1083, 2, 44, '2014-05-31 19:40:00', '2D'),
(1084, 2, 44, '2014-05-31 22:00:00', '2D'),
(1085, 2, 44, '2014-06-01 10:30:00', '2D'),
(1086, 2, 44, '2014-06-01 12:50:00', '2D'),
(1087, 2, 44, '2014-06-01 15:10:00', '2D'),
(1088, 2, 44, '2014-06-01 19:40:00', '2D'),
(1089, 2, 44, '2014-06-01 22:00:00', '2D'),
(1090, 2, 44, '2014-06-02 10:30:00', '2D'),
(1091, 2, 44, '2014-06-02 12:50:00', '2D'),
(1092, 2, 44, '2014-06-02 15:10:00', '2D'),
(1093, 2, 44, '2014-06-02 19:40:00', '2D'),
(1094, 2, 44, '2014-06-02 22:00:00', '2D'),
(1095, 2, 44, '2014-06-03 10:30:00', '2D'),
(1096, 2, 44, '2014-06-03 12:50:00', '2D'),
(1097, 2, 44, '2014-06-03 15:10:00', '2D'),
(1098, 2, 44, '2014-06-03 19:40:00', '2D'),
(1099, 2, 44, '2014-06-03 22:00:00', '2D'),
(1100, 2, 44, '2014-06-04 10:30:00', '2D'),
(1101, 2, 44, '2014-06-04 12:50:00', '2D'),
(1102, 2, 44, '2014-06-04 15:10:00', '2D'),
(1103, 2, 44, '2014-06-04 19:40:00', '2D'),
(1104, 2, 44, '2014-06-04 22:00:00', '2D'),
(1105, 2, 38, '2014-05-29 11:30:00', '2D'),
(1106, 2, 38, '2014-05-29 17:30:00', '2D'),
(1107, 2, 38, '2014-05-29 00:15:00', '2D'),
(1108, 2, 38, '2014-05-30 17:30:00', '2D'),
(1109, 2, 38, '2014-05-30 00:15:00', '2D'),
(1110, 2, 38, '2014-05-31 11:30:00', '2D'),
(1111, 2, 38, '2014-05-31 17:30:00', '2D'),
(1112, 2, 38, '2014-05-31 00:15:00', '2D'),
(1113, 2, 38, '2014-06-01 11:30:00', '2D'),
(1114, 2, 38, '2014-06-01 17:30:00', '2D'),
(1115, 2, 38, '2014-06-01 22:30:00', '2D'),
(1116, 2, 38, '2014-06-02 11:30:00', '2D'),
(1117, 2, 38, '2014-06-02 17:30:00', '2D'),
(1118, 2, 38, '2014-06-02 22:30:00', '2D'),
(1119, 2, 38, '2014-06-03 11:30:00', '2D'),
(1120, 2, 38, '2014-06-03 17:30:00', '2D'),
(1121, 2, 38, '2014-06-03 22:30:00', '2D'),
(1122, 2, 38, '2014-06-04 11:30:00', '2D'),
(1123, 2, 38, '2014-06-04 17:30:00', '2D'),
(1124, 2, 38, '2014-06-04 22:30:00', '2D'),
(1125, 2, 52, '2014-05-29 13:45:00', '2D'),
(1126, 2, 52, '2014-05-29 15:30:00', '2D'),
(1127, 2, 52, '2014-05-29 17:15:00', '2D'),
(1128, 2, 52, '2014-05-29 19:00:00', '2D'),
(1129, 2, 52, '2014-05-29 20:45:00', '2D'),
(1130, 2, 52, '2014-05-29 22:30:00', '2D'),
(1131, 2, 52, '2014-05-29 00:20:00', '2D'),
(1132, 2, 52, '2014-05-30 15:00:00', '2D'),
(1133, 2, 52, '2014-05-30 17:15:00', '2D'),
(1134, 2, 52, '2014-05-30 19:00:00', '2D'),
(1135, 2, 52, '2014-05-30 20:45:00', '2D'),
(1136, 2, 52, '2014-05-30 22:30:00', '2D'),
(1137, 2, 52, '2014-05-30 00:20:00', '2D'),
(1138, 2, 52, '2014-05-31 13:45:00', '2D'),
(1139, 2, 52, '2014-05-31 15:30:00', '2D'),
(1140, 2, 52, '2014-05-31 17:15:00', '2D'),
(1141, 2, 52, '2014-05-31 19:00:00', '2D'),
(1142, 2, 52, '2014-05-31 20:45:00', '2D'),
(1143, 2, 52, '2014-05-31 22:30:00', '2D'),
(1144, 2, 52, '2014-05-31 00:20:00', '2D'),
(1145, 2, 52, '2014-06-01 13:45:00', '2D'),
(1146, 2, 52, '2014-06-01 15:30:00', '2D'),
(1147, 2, 52, '2014-06-01 17:15:00', '2D'),
(1148, 2, 52, '2014-06-01 19:00:00', '2D'),
(1149, 2, 52, '2014-06-01 20:45:00', '2D'),
(1150, 2, 52, '2014-06-02 13:45:00', '2D'),
(1151, 2, 52, '2014-06-02 15:30:00', '2D'),
(1152, 2, 52, '2014-06-02 17:15:00', '2D'),
(1153, 2, 52, '2014-06-02 19:00:00', '2D'),
(1154, 2, 52, '2014-06-02 20:45:00', '2D'),
(1155, 2, 52, '2014-06-03 13:45:00', '2D'),
(1156, 2, 52, '2014-06-03 15:30:00', '2D'),
(1157, 2, 52, '2014-06-03 17:15:00', '2D'),
(1158, 2, 52, '2014-06-03 19:00:00', '2D'),
(1159, 2, 52, '2014-06-03 20:45:00', '2D'),
(1160, 2, 52, '2014-06-04 13:45:00', '2D'),
(1161, 2, 52, '2014-06-04 15:30:00', '2D'),
(1162, 2, 52, '2014-06-04 17:15:00', '2D'),
(1163, 2, 52, '2014-06-04 19:00:00', '2D'),
(1164, 2, 52, '2014-06-04 20:45:00', '2D'),
(1165, 3, 46, '2014-05-29 12:30:00', '2D'),
(1166, 3, 46, '2014-05-29 14:45:00', '2D'),
(1167, 3, 46, '2014-05-29 17:00:00', '2D'),
(1168, 3, 46, '2014-05-29 19:15:00', '2D'),
(1169, 3, 46, '2014-05-29 21:30:00', '2D'),
(1170, 3, 46, '2014-05-29 23:45:00', '2D'),
(1171, 3, 46, '2014-05-30 14:45:00', '2D'),
(1172, 3, 46, '2014-05-30 17:00:00', '2D'),
(1173, 3, 46, '2014-05-30 19:15:00', '2D'),
(1174, 3, 46, '2014-05-30 21:30:00', '2D'),
(1175, 3, 46, '2014-05-30 23:45:00', '2D'),
(1176, 3, 46, '2014-05-31 12:30:00', '2D'),
(1177, 3, 46, '2014-05-31 14:45:00', '2D'),
(1178, 3, 46, '2014-05-31 17:00:00', '2D'),
(1179, 3, 46, '2014-05-31 19:15:00', '2D'),
(1180, 3, 46, '2014-05-31 21:30:00', '2D'),
(1181, 3, 46, '2014-05-31 23:45:00', '2D'),
(1182, 3, 46, '2014-06-01 12:30:00', '2D'),
(1183, 3, 46, '2014-06-01 14:45:00', '2D'),
(1184, 3, 46, '2014-06-01 17:00:00', '2D'),
(1185, 3, 46, '2014-06-01 19:15:00', '2D'),
(1186, 3, 46, '2014-06-01 21:30:00', '2D'),
(1187, 3, 46, '2014-06-02 12:30:00', '2D'),
(1188, 3, 46, '2014-06-02 14:45:00', '2D'),
(1189, 3, 46, '2014-06-02 17:00:00', '2D'),
(1190, 3, 46, '2014-06-02 19:15:00', '2D'),
(1191, 3, 46, '2014-06-02 21:30:00', '2D'),
(1192, 3, 46, '2014-06-03 12:30:00', '2D'),
(1193, 3, 46, '2014-06-03 14:45:00', '2D'),
(1194, 3, 46, '2014-06-03 17:00:00', '2D'),
(1195, 3, 46, '2014-06-03 19:15:00', '2D'),
(1196, 3, 46, '2014-06-03 21:30:00', '2D'),
(1197, 3, 46, '2014-05-29 12:40:00', '3D'),
(1198, 3, 46, '2014-05-31 12:40:00', '3D'),
(1199, 3, 46, '2014-06-01 22:00:00', '3D'),
(1200, 3, 46, '2014-06-02 12:40:00', '3D'),
(1201, 3, 46, '2014-06-03 12:40:00', '3D'),
(1202, 3, 46, '2014-05-28 21:00:00', '3D'),
(1203, 3, 46, '2014-05-28 21:45:00', '3D'),
(1204, 3, 52, '2014-05-29 11:15:00', '2D'),
(1205, 3, 52, '2014-05-29 13:15:00', '2D'),
(1206, 3, 52, '2014-05-29 15:15:00', '2D'),
(1207, 3, 52, '2014-05-29 17:15:00', '2D'),
(1208, 3, 52, '2014-05-29 19:15:00', '2D'),
(1209, 3, 52, '2014-05-29 21:25:00', '2D'),
(1210, 3, 52, '2014-05-29 23:30:00', '2D'),
(1211, 3, 52, '2014-05-30 15:00:00', '2D'),
(1212, 3, 52, '2014-05-30 17:15:00', '2D'),
(1213, 3, 52, '2014-05-30 19:15:00', '2D'),
(1214, 3, 52, '2014-05-30 21:25:00', '2D');
INSERT INTO `showtime` (`idshowtime`, `cinema_idcinema`, `movie_idmovie`, `schedule`, `screen`) VALUES
(1215, 3, 52, '2014-05-30 23:30:00', '2D'),
(1216, 3, 52, '2014-05-31 11:15:00', '2D'),
(1217, 3, 52, '2014-05-31 13:15:00', '2D'),
(1218, 3, 52, '2014-05-31 15:15:00', '2D'),
(1219, 3, 52, '2014-05-31 17:15:00', '2D'),
(1220, 3, 52, '2014-05-31 19:15:00', '2D'),
(1221, 3, 52, '2014-05-31 21:25:00', '2D'),
(1222, 3, 52, '2014-05-31 23:30:00', '2D'),
(1223, 3, 52, '2014-06-01 11:15:00', '2D'),
(1224, 3, 52, '2014-06-01 13:15:00', '2D'),
(1225, 3, 52, '2014-06-01 15:15:00', '2D'),
(1226, 3, 52, '2014-06-01 17:15:00', '2D'),
(1227, 3, 52, '2014-06-01 19:15:00', '2D'),
(1228, 3, 52, '2014-06-01 21:25:00', '2D'),
(1229, 3, 52, '2014-06-02 11:15:00', '2D'),
(1230, 3, 52, '2014-06-02 13:15:00', '2D'),
(1231, 3, 52, '2014-06-02 15:15:00', '2D'),
(1232, 3, 52, '2014-06-02 17:15:00', '2D'),
(1233, 3, 52, '2014-06-02 19:15:00', '2D'),
(1234, 3, 52, '2014-06-02 21:25:00', '2D'),
(1235, 3, 52, '2014-06-03 11:15:00', '2D'),
(1236, 3, 52, '2014-06-03 13:15:00', '2D'),
(1237, 3, 52, '2014-06-03 15:15:00', '2D'),
(1238, 3, 52, '2014-06-03 17:15:00', '2D'),
(1239, 3, 52, '2014-06-03 19:15:00', '2D'),
(1240, 3, 52, '2014-06-03 21:25:00', '2D'),
(1241, 3, 52, '2014-05-29 10:50:00', '3D'),
(1242, 3, 52, '2014-05-29 14:50:00', '3D'),
(1243, 3, 52, '2014-05-31 10:50:00', '3D'),
(1244, 3, 52, '2014-06-01 10:30:00', '3D'),
(1245, 3, 52, '2014-06-02 10:50:00', '3D'),
(1246, 3, 52, '2014-06-02 14:50:00', '3D'),
(1247, 3, 52, '2014-06-03 10:50:00', '3D'),
(1248, 3, 52, '2014-06-03 14:50:00', '3D'),
(1249, 3, 42, '2014-05-29 11:30:00', '2D'),
(1250, 3, 42, '2014-05-29 14:00:00', '2D'),
(1251, 3, 42, '2014-05-29 16:30:00', '2D'),
(1252, 3, 42, '2014-05-29 19:10:00', '2D'),
(1253, 3, 42, '2014-05-29 19:30:00', '2D'),
(1254, 3, 42, '2014-05-29 21:40:00', '2D'),
(1255, 3, 42, '2014-05-29 21:55:00', '2D'),
(1256, 3, 42, '2014-05-29 00:00:00', '2D'),
(1257, 3, 42, '2014-05-30 14:40:00', '2D'),
(1258, 3, 42, '2014-05-30 17:05:00', '2D'),
(1259, 3, 42, '2014-05-30 19:25:00', '2D'),
(1260, 3, 42, '2014-05-30 19:30:00', '2D'),
(1261, 3, 42, '2014-05-30 21:50:00', '2D'),
(1262, 3, 42, '2014-05-30 21:55:00', '2D'),
(1263, 3, 42, '2014-05-30 00:00:00', '2D'),
(1264, 3, 42, '2014-05-31 11:30:00', '2D'),
(1265, 3, 42, '2014-05-31 14:00:00', '2D'),
(1266, 3, 42, '2014-05-31 16:30:00', '2D'),
(1267, 3, 42, '2014-05-31 19:10:00', '2D'),
(1268, 3, 42, '2014-05-31 19:30:00', '2D'),
(1269, 3, 42, '2014-05-31 21:40:00', '2D'),
(1270, 3, 42, '2014-05-31 21:55:00', '2D'),
(1271, 3, 42, '2014-05-31 00:00:00', '2D'),
(1272, 3, 42, '2014-06-01 11:30:00', '2D'),
(1273, 3, 42, '2014-06-01 14:00:00', '2D'),
(1274, 3, 42, '2014-06-01 15:00:00', '2D'),
(1275, 3, 42, '2014-06-01 16:30:00', '2D'),
(1276, 3, 42, '2014-06-01 17:30:00', '2D'),
(1277, 3, 42, '2014-06-01 19:10:00', '2D'),
(1278, 3, 42, '2014-06-01 19:45:00', '2D'),
(1279, 3, 42, '2014-06-01 21:40:00', '2D'),
(1280, 3, 42, '2014-06-02 11:30:00', '2D'),
(1281, 3, 42, '2014-06-02 14:00:00', '2D'),
(1282, 3, 42, '2014-06-02 16:30:00', '2D'),
(1283, 3, 42, '2014-06-02 19:10:00', '2D'),
(1284, 3, 42, '2014-06-02 19:30:00', '2D'),
(1285, 3, 42, '2014-06-02 21:40:00', '2D'),
(1286, 3, 42, '2014-06-02 21:55:00', '2D'),
(1287, 3, 42, '2014-06-03 11:30:00', '2D'),
(1288, 3, 42, '2014-06-03 14:00:00', '2D'),
(1289, 3, 42, '2014-06-03 16:30:00', '2D'),
(1290, 3, 42, '2014-06-03 19:10:00', '2D'),
(1291, 3, 42, '2014-06-03 19:30:00', '2D'),
(1292, 3, 42, '2014-06-03 21:40:00', '2D'),
(1293, 3, 42, '2014-06-03 21:55:00', '2D'),
(1294, 3, 38, '2014-05-29 12:15:00', '2D'),
(1295, 3, 38, '2014-05-29 14:30:00', '2D'),
(1296, 3, 38, '2014-05-29 16:45:00', '2D'),
(1297, 3, 38, '2014-05-29 19:00:00', '2D'),
(1298, 3, 38, '2014-05-29 21:15:00', '2D'),
(1299, 3, 38, '2014-05-29 23:30:00', '2D'),
(1300, 3, 38, '2014-05-30 14:30:00', '2D'),
(1301, 3, 38, '2014-05-30 16:45:00', '2D'),
(1302, 3, 38, '2014-05-30 19:00:00', '2D'),
(1303, 3, 38, '2014-05-30 21:15:00', '2D'),
(1304, 3, 38, '2014-05-30 23:30:00', '2D'),
(1305, 3, 38, '2014-05-31 12:15:00', '2D'),
(1306, 3, 38, '2014-05-31 14:30:00', '2D'),
(1307, 3, 38, '2014-05-31 16:45:00', '2D'),
(1308, 3, 38, '2014-05-31 19:00:00', '2D'),
(1309, 3, 38, '2014-05-31 21:15:00', '2D'),
(1310, 3, 38, '2014-05-31 23:30:00', '2D'),
(1311, 3, 38, '2014-06-01 12:15:00', '2D'),
(1312, 3, 38, '2014-06-01 14:30:00', '2D'),
(1313, 3, 38, '2014-06-01 16:45:00', '2D'),
(1314, 3, 38, '2014-06-01 19:00:00', '2D'),
(1315, 3, 38, '2014-06-01 21:15:00', '2D'),
(1316, 3, 38, '2014-06-02 12:15:00', '2D'),
(1317, 3, 38, '2014-06-02 14:30:00', '2D'),
(1318, 3, 38, '2014-06-02 16:45:00', '2D'),
(1319, 3, 38, '2014-06-02 19:00:00', '2D'),
(1320, 3, 38, '2014-06-02 21:15:00', '2D'),
(1321, 3, 38, '2014-06-03 12:15:00', '2D'),
(1322, 3, 38, '2014-06-03 14:30:00', '2D'),
(1323, 3, 38, '2014-06-03 16:45:00', '2D'),
(1324, 3, 38, '2014-06-03 19:00:00', '2D'),
(1325, 3, 38, '2014-06-03 21:15:00', '2D'),
(1326, 3, 45, '2014-05-29 16:50:00', '2D'),
(1327, 3, 45, '2014-05-30 14:20:00', '2D'),
(1328, 3, 45, '2014-05-31 16:50:00', '2D'),
(1329, 3, 45, '2014-06-01 12:20:00', '2D'),
(1330, 3, 45, '2014-06-02 16:50:00', '2D'),
(1331, 3, 45, '2014-06-03 16:50:00', '2D'),
(1332, 5, 52, '2014-05-29 11:00:00', '2D'),
(1333, 5, 52, '2014-05-29 13:30:00', '2D'),
(1334, 5, 52, '2014-05-29 15:30:00', '2D'),
(1335, 5, 52, '2014-05-29 17:30:00', '2D'),
(1336, 5, 52, '2014-05-29 19:30:00', '2D'),
(1337, 5, 52, '2014-05-29 21:30:00', '2D'),
(1338, 5, 52, '2014-05-29 23:30:00', '2D'),
(1339, 5, 52, '2014-05-30 14:40:00', '2D'),
(1340, 5, 52, '2014-05-30 16:30:00', '2D'),
(1341, 5, 52, '2014-05-30 18:20:00', '2D'),
(1342, 5, 52, '2014-05-30 20:10:00', '2D'),
(1343, 5, 52, '2014-05-30 22:00:00', '2D'),
(1344, 5, 52, '2014-05-30 23:50:00', '2D'),
(1345, 5, 52, '2014-05-31 11:00:00', '2D'),
(1346, 5, 52, '2014-05-31 13:30:00', '2D'),
(1347, 5, 52, '2014-05-31 15:30:00', '2D'),
(1348, 5, 52, '2014-05-31 17:30:00', '2D'),
(1349, 5, 52, '2014-05-31 19:30:00', '2D'),
(1350, 5, 52, '2014-05-31 21:30:00', '2D'),
(1351, 5, 52, '2014-05-31 23:30:00', '2D'),
(1352, 5, 52, '2014-06-01 11:00:00', '2D'),
(1353, 5, 52, '2014-06-01 13:30:00', '2D'),
(1354, 5, 52, '2014-06-01 15:30:00', '2D'),
(1355, 5, 52, '2014-06-01 17:30:00', '2D'),
(1356, 5, 52, '2014-06-01 19:30:00', '2D'),
(1357, 5, 52, '2014-06-01 21:30:00', '2D'),
(1358, 5, 52, '2014-06-02 11:00:00', '2D'),
(1359, 5, 52, '2014-06-02 13:30:00', '2D'),
(1360, 5, 52, '2014-06-02 15:30:00', '2D'),
(1361, 5, 52, '2014-06-02 17:30:00', '2D'),
(1362, 5, 52, '2014-06-02 19:30:00', '2D'),
(1363, 5, 52, '2014-06-02 21:30:00', '2D'),
(1364, 5, 52, '2014-06-03 11:00:00', '2D'),
(1365, 5, 52, '2014-06-03 13:30:00', '2D'),
(1366, 5, 52, '2014-06-03 15:30:00', '2D'),
(1367, 5, 52, '2014-06-03 17:30:00', '2D'),
(1368, 5, 52, '2014-06-03 19:30:00', '2D'),
(1369, 5, 52, '2014-06-03 21:30:00', '2D'),
(1370, 5, 52, '2014-05-29 11:30:00', '3D'),
(1371, 5, 52, '2014-05-31 11:30:00', '3D'),
(1372, 5, 52, '2014-06-01 11:30:00', '3D'),
(1373, 5, 52, '2014-06-02 11:30:00', '3D'),
(1374, 5, 52, '2014-06-03 11:30:00', '3D'),
(1375, 5, 46, '2014-05-29 11:20:00', '2D'),
(1376, 5, 46, '2014-05-29 12:50:00', '2D'),
(1377, 5, 46, '2014-05-29 15:00:00', '2D'),
(1378, 5, 46, '2014-05-29 17:10:00', '2D'),
(1379, 5, 46, '2014-05-29 19:20:00', '2D'),
(1380, 5, 46, '2014-05-29 21:30:00', '2D'),
(1381, 5, 46, '2014-05-29 23:40:00', '2D'),
(1382, 5, 46, '2014-05-30 15:00:00', '2D'),
(1383, 5, 46, '2014-05-30 17:10:00', '2D'),
(1384, 5, 46, '2014-05-30 19:20:00', '2D'),
(1385, 5, 46, '2014-05-30 21:30:00', '2D'),
(1386, 5, 46, '2014-05-30 23:40:00', '2D'),
(1387, 5, 46, '2014-05-31 11:20:00', '2D'),
(1388, 5, 46, '2014-05-31 12:50:00', '2D'),
(1389, 5, 46, '2014-05-31 15:00:00', '2D'),
(1390, 5, 46, '2014-05-31 17:10:00', '2D'),
(1391, 5, 46, '2014-05-31 19:20:00', '2D'),
(1392, 5, 46, '2014-05-31 21:30:00', '2D'),
(1393, 5, 46, '2014-05-31 23:40:00', '2D'),
(1394, 5, 46, '2014-06-01 11:20:00', '2D'),
(1395, 5, 46, '2014-06-01 12:50:00', '2D'),
(1396, 5, 46, '2014-06-01 15:00:00', '2D'),
(1397, 5, 46, '2014-06-01 17:10:00', '2D'),
(1398, 5, 46, '2014-06-01 19:20:00', '2D'),
(1399, 5, 46, '2014-06-01 21:30:00', '2D'),
(1400, 5, 46, '2014-06-02 11:20:00', '2D'),
(1401, 5, 46, '2014-06-02 12:50:00', '2D'),
(1402, 5, 46, '2014-06-02 15:00:00', '2D'),
(1403, 5, 46, '2014-06-02 17:10:00', '2D'),
(1404, 5, 46, '2014-06-02 19:20:00', '2D'),
(1405, 5, 46, '2014-06-02 21:30:00', '2D'),
(1406, 5, 46, '2014-06-03 11:20:00', '2D'),
(1407, 5, 46, '2014-06-03 12:50:00', '2D'),
(1408, 5, 46, '2014-06-03 15:00:00', '2D'),
(1409, 5, 46, '2014-06-03 17:10:00', '2D'),
(1410, 5, 46, '2014-06-03 19:20:00', '2D'),
(1411, 5, 46, '2014-06-03 21:30:00', '2D'),
(1412, 5, 50, '2014-05-29 13:30:00', '2D'),
(1413, 5, 50, '2014-05-29 15:50:00', '2D'),
(1414, 5, 50, '2014-05-29 20:25:00', '2D'),
(1415, 5, 50, '2014-05-29 22:50:00', '2D'),
(1416, 5, 50, '2014-05-30 14:45:00', '2D'),
(1417, 5, 50, '2014-05-30 19:25:00', '2D'),
(1418, 5, 50, '2014-05-30 21:40:00', '2D'),
(1419, 5, 50, '2014-05-30 23:55:00', '2D'),
(1420, 5, 50, '2014-05-31 13:30:00', '2D'),
(1421, 5, 50, '2014-05-31 15:50:00', '2D'),
(1422, 5, 50, '2014-05-31 20:25:00', '2D'),
(1423, 5, 50, '2014-05-31 22:50:00', '2D'),
(1424, 5, 50, '2014-06-01 13:30:00', '2D'),
(1425, 5, 50, '2014-06-01 15:50:00', '2D'),
(1426, 5, 50, '2014-06-01 20:25:00', '2D'),
(1427, 5, 50, '2014-06-02 13:30:00', '2D'),
(1428, 5, 50, '2014-06-02 15:50:00', '2D'),
(1429, 5, 50, '2014-06-02 20:25:00', '2D'),
(1430, 5, 50, '2014-06-03 13:30:00', '2D'),
(1431, 5, 50, '2014-06-03 15:50:00', '2D'),
(1432, 5, 50, '2014-06-03 20:25:00', '2D'),
(1433, 5, 38, '2014-05-29 18:10:00', '2D'),
(1434, 5, 38, '2014-05-30 17:10:00', '2D'),
(1435, 5, 38, '2014-05-31 18:10:00', '2D'),
(1436, 5, 38, '2014-06-01 18:10:00', '2D'),
(1437, 5, 38, '2014-06-02 18:10:00', '2D'),
(1438, 5, 38, '2014-06-03 18:10:00', '2D');

-- --------------------------------------------------------

--
-- Table structure for table `users`
--

CREATE TABLE `users` (
  `idusers` int(11) NOT NULL,
  `username` varchar(45) DEFAULT NULL,
  `password` varchar(45) DEFAULT NULL,
  PRIMARY KEY (`idusers`)
) ENGINE=InnoDB DEFAULT CHARSET=utf16;
